,Unnamed: 0,#,Name_x,Sell,Where/How,Weather,Total Catches to Unlock,Spawn Rates,NH Jan,NH Feb,NH Mar,NH Apr,NH May,NH Jun,NH Jul,NH Aug,NH Sep,NH Oct,NH Nov,NH Dec,SH Jan,SH Feb,SH Mar,SH Apr,SH May,SH Jun,SH Jul,SH Aug,SH Sep,SH Oct,SH Nov,SH Dec,Color 1,Color 2,Icon Filename,Critterpedia Filename,Furniture Filename,Internal ID,Unique Entry ID,Shadow,Rain/Snow Catch Up,Size,Lighting Type,Name2,Name_y,title,sci_name,sci_name2,sci_name3
0,0,10,agrias butterfly,3000,Flying near flowers,Any except rain,20,5,,,,8 AM – 5 PM,8 AM – 5 PM,8 AM – 5 PM,8 AM – 5 PM,8 AM – 5 PM,8 AM – 5 PM,,,,8 AM – 5 PM,8 AM – 5 PM,8 AM – 5 PM,,,,,,,8 AM – 5 PM,8 AM – 5 PM,8 AM – 5 PM,Pink,Green,Ins6,InsectMiirotateha,FtrInsectMiirotateha,620,aj95rMzdbSbvZy9A2,,,,,Agrias_Butterfly,Agrias_Butterfly,"[<a class=""extiw"" href=""https://en.wikipedia.org/wiki/Agrias_claudina"" title=""wikipedia:Agrias claudina"">Agrias claudina sardanapalus</a>]","<a class=""extiw"" href=""https://en.wikipedia.org/wiki/Agrias_claudina"" title=""wikipedia:Agrias claudina"">Agrias claudina sardanapalus</a>",>Agrias claudina sardanapalus</a>,Agrias claudina sardanapalus
1,1,69,ant,80,On rotten turnips,Any weather,0,0,All day,All day,All day,All day,All day,All day,All day,All day,All day,All day,All day,All day,All day,All day,All day,All day,All day,All day,All day,All day,All day,All day,All day,All day,Black,White,Ins26,InsectAri,FtrInsectAri,588,QZpmczZu4hW2a4Rpv,,,,,Ant,Ant,['Unknown'],Unknown,Unknown,Unknown
2,2,14,Atlas moth,3000,On trees (any kind),Any weather,20,5,,,,7 PM – 4 AM,7 PM – 4 AM,7 PM – 4 AM,7 PM – 4 AM,7 PM – 4 AM,7 PM – 4 AM,,,,7 PM – 4 AM,7 PM – 4 AM,7 PM – 4 AM,,,,,,,7 PM – 4 AM,7 PM – 4 AM,7 PM – 4 AM,Orange,Yellow,Ins10,InsectYonagunisan,FtrInsectYonagunisan,652,u2GhYQJXDCQKp7AQ8,,,,,Atlas_Moth,Atlas_Moth,['Attacus atlas'],Attacus atlas,Attacus atlas,Attacus atlas
3,3,68,bagworm,600,Shaking trees (hardwood or cedar only),Any weather,0,50,All day,All day,All day,All day,All day,All day,All day,All day,All day,All day,All day,All day,All day,All day,All day,All day,All day,All day,All day,All day,All day,All day,All day,All day,Brown,Blue,Ins36,InsectMinomushi,FtrInsectMinomushi,622,QvxgCm82JqHsDknY4,,,,,Bagworm,Bagworm,['Metura elongatus'],Metura elongatus,Metura elongatus,Metura elongatus
4,4,34,banded dragonfly,4500,Flying near water,Any except rain,50,7,,,,,8 AM – 5 PM,8 AM – 5 PM,8 AM – 5 PM,8 AM – 5 PM,8 AM – 5 PM,8 AM – 5 PM,,,8 AM – 5 PM,8 AM – 5 PM,8 AM – 5 PM,8 AM – 5 PM,,,,,,,8 AM – 5 PM,8 AM – 5 PM,Black,Yellow,Ins24,InsectOniyanma,FtrInsectOniyanma,635,pCFep58D6QusMSvR7,,,,,Banded_Dragonfly,Banded_Dragonfly,"[<a class=""extiw"" href=""https://en.wikipedia.org/wiki/Anotogaster_sieboldii"" title=""wikipedia:Anotogaster sieboldii"">Anotogaster sieboldii</a>]","<a class=""extiw"" href=""https://en.wikipedia.org/wiki/Anotogaster_sieboldii"" title=""wikipedia:Anotogaster sieboldii"">Anotogaster sieboldii</a>",>Anotogaster sieboldii</a>,Anotogaster sieboldii
5,5,21,bell cricket,430,On the ground,Any except rain,0,60,,,,,,,,,5 PM – 8 AM,5 PM – 8 AM,,,,,5 PM – 8 AM,5 PM – 8 AM,,,,,,,,,Black,Beige,Ins31,InsectSuzumushi,FtrInsectSuzumushi,642,d5EQqbQsip82G2CZE,,,,,Bell_Cricket,Bell_Cricket,['Homoeogryllus japonica'],Homoeogryllus japonica,Homoeogryllus japonica,Homoeogryllus japonica
6,6,49,blue weevil beetle,800,On palm trees,Any weather,0,2,,,,,,,All day,All day,,,,,All day,All day,,,,,,,,,,,Green,Pink,Ins80,InsectHousekizoumushi,FtrInsectHousekizoumushi,3485,qocWy6r5RXjeThdYy,,,,,Blue_Weevil_Beetle,Blue_Weevil_Beetle,['Eupholus magnificus'],Eupholus magnificus,Eupholus magnificus,Eupholus magnificus
7,7,26,brown cicada,250,On hardwood/cedar trees,Any weather,0,70,,,,,,,8 AM – 5 PM,8 AM – 5 PM,,,,,8 AM – 5 PM,8 AM – 5 PM,,,,,,,,,,,Brown,Green,Ins17,InsectAburazemi,FtrInsectAburazemi,582,gBLRZ2J2R2wwYWFCk,,,,,Brown_Cicada,Brown_Cicada,['Graptopsaltria nigrofuscata'],Graptopsaltria nigrofuscata,Graptopsaltria nigrofuscata,Graptopsaltria nigrofuscata
8,8,77,centipede,300,From hitting rocks,Any weather,0,30,4 PM – 11 PM,4 PM – 11 PM,4 PM – 11 PM,4 PM – 11 PM,4 PM – 11 PM,4 PM – 11 PM,,,4 PM – 11 PM,4 PM – 11 PM,4 PM – 11 PM,4 PM – 11 PM,,,4 PM – 11 PM,4 PM – 11 PM,4 PM – 11 PM,4 PM – 11 PM,4 PM – 11 PM,4 PM – 11 PM,4 PM – 11 PM,4 PM – 11 PM,4 PM – 11 PM,4 PM – 11 PM,Black,Orange,Ins60,InsectMukade,FtrInsectMukade,628,ubStMQwHMJJcYje38,,,,,Centipede,Centipede,['Lithobius forficatus'],Lithobius forficatus,Lithobius forficatus,Lithobius forficatus
9,9,31,cicada shell,10,On hardwood/cedar trees,Any weather,50,1,,,,,,,All day,All day,,,,,All day,All day,,,,,,,,,,,Brown,Green,Ins69,InsectSeminonukegara,FtrInsectSeminonukegara,641,6s3MCahAroqpjGybW,,,,,Cicada_Shell,Cicada_Shell,['Unknown'],Unknown,Unknown,Unknown
10,10,47,citrus long-horned beetle,350,On tree stumps,Any except rain,0,10,All day,All day,All day,All day,All day,All day,All day,All day,All day,All day,All day,All day,All day,All day,All day,All day,All day,All day,All day,All day,All day,All day,All day,All day,Black,Green,Ins39,InsectGomadarakamikiri,FtrInsectGomadarakamikiri,609,QR88MPLzYxSCHWZJb,,,,,Citrus_Long-Horned_Beetle,Citrus_Long-Horned_Beetle,['Anoplophora chinensis'],Anoplophora chinensis,Anoplophora chinensis,Anoplophora chinensis
11,11,5,common bluebottle,300,Flying,Any except rain,0,70,,,,4 AM – 7 PM,4 AM – 7 PM,4 AM – 7 PM,4 AM – 7 PM,4 AM – 7 PM,,,,,4 AM – 7 PM,4 AM – 7 PM,,,,,,,,4 AM – 7 PM,4 AM – 7 PM,4 AM – 7 PM,Black,Green,Ins72,InsectAosujiageha,FtrInsectAosujiageha,3477,vgkW2eovbpxNuGsFZ,,,,,Common_Bluebottle,Common_Bluebottle,"[<a class=""extiw"" href=""https://en.wikipedia.org/wiki/Graphium_sarpedon"" title=""wikipedia:Graphium sarpedon"">Graphium sarpedon</a>]","<a class=""extiw"" href=""https://en.wikipedia.org/wiki/Graphium_sarpedon"" title=""wikipedia:Graphium sarpedon"">Graphium sarpedon</a>",>Graphium sarpedon</a>,Graphium sarpedon
12,12,1,common butterfly,160,Flying,Any except rain,0,60,4 AM – 7 PM,4 AM – 7 PM,4 AM – 7 PM,4 AM – 7 PM,4 AM – 7 PM,4 AM – 7 PM,,,4 AM – 7 PM,4 AM – 7 PM,4 AM – 7 PM,4 AM – 7 PM,,,4 AM – 7 PM,4 AM – 7 PM,4 AM – 7 PM,4 AM – 7 PM,4 AM – 7 PM,4 AM – 7 PM,4 AM – 7 PM,4 AM – 7 PM,4 AM – 7 PM,4 AM – 7 PM,White,Green,Ins0,InsectMonshirocho,FtrInsectMonshirocho,626,tRJxp5N9XbwAGQHZc,,,,,Common_Butterfly,Common_Butterfly,"[<a class=""extiw"" href=""https://en.wikipedia.org/wiki/Pieris_rapae"" title=""wikipedia:Pieris rapae"">Pieris rapae</a>]","<a class=""extiw"" href=""https://en.wikipedia.org/wiki/Pieris_rapae"" title=""wikipedia:Pieris rapae"">Pieris rapae</a>",>Pieris rapae</a>,Pieris rapae
13,13,20,cricket,130,On the ground,Any except rain,0,60,,,,,,,,,5 PM – 8 AM,5 PM – 8 AM,5 PM – 8 AM,,,,5 PM – 8 AM,5 PM – 8 AM,5 PM – 8 AM,,,,,,,,Brown,Beige,Ins30,InsectKohrogi,FtrInsectKohrogi,617,Lr7eFJzJJZpWRWekm,,,,,Cricket,Cricket,['Acheta domesticus'],Acheta domesticus,Acheta domesticus,Acheta domesticus
14,14,59,cyclommatus stag,8000,On palm trees,Any weather,100,2,,,,,,,5 PM – 8 AM,5 PM – 8 AM,,,,,5 PM – 8 AM,5 PM – 8 AM,,,,,,,,,,,Black,Black,Ins49,InsectHosoakakuwagata,FtrInsectHosoakakuwagata,602,moBevd7J5hwpHeLcs,,,,,Cyclommatus_Stag,Cyclommatus_Stag,['Cyclommatus elaphus'],Cyclommatus elaphus,Cyclommatus elaphus,Cyclommatus elaphus
15,15,35,damselfly,500,Flying near water,Any except rain,0,60,All day,All day,,,,,,,,,All day,All day,,,,,All day,All day,All day,All day,,,,,Green,Blue,Ins81,InsectItotonbo,FtrInsectItotonbo,5339,pBmqsa7CyeKzyRjDT,,,,,Damselfly,Damselfly,['Ischnura heterosticta'],Ischnura heterosticta,Ischnura heterosticta,Ischnura heterosticta
16,16,33,darner dragonfly,230,Flying near water,Any except rain,0,40,,,,8 AM – 5 PM,8 AM – 5 PM,8 AM – 5 PM,8 AM – 5 PM,8 AM – 5 PM,8 AM – 5 PM,8 AM – 5 PM,,,8 AM – 5 PM,8 AM – 5 PM,8 AM – 5 PM,8 AM – 5 PM,,,,,,8 AM – 5 PM,8 AM – 5 PM,8 AM – 5 PM,Green,Green,Ins23,InsectGinyanma,FtrInsectGinyanma,595,723NiWMh4iY9RJtAM,,,,,Darner_Dragonfly,Darner_Dragonfly,"[<a class=""extiw"" href=""https://en.wikipedia.org/wiki/Anax_parthenope"" title=""wikipedia:Anax parthenope"">Anax parthenope</a>]","<a class=""extiw"" href=""https://en.wikipedia.org/wiki/Anax_parthenope"" title=""wikipedia:Anax parthenope"">Anax parthenope</a>",>Anax parthenope</a>,Anax parthenope
17,17,39,diving beetle,800,On rivers/ponds,Any weather,0,10,,,,,8 AM – 7 PM,8 AM – 7 PM,8 AM – 7 PM,8 AM – 7 PM,8 AM – 7 PM,,,,8 AM – 7 PM,8 AM – 7 PM,8 AM – 7 PM,,,,,,,,8 AM – 7 PM,8 AM – 7 PM,Black,Blue,Ins28,InsectGengorou,FtrInsectGengorou,594,CBjt7itnPqEtNznrX,,,,,Diving_Beetle,Diving_Beetle,['Dytiscus marginalis'],Dytiscus marginalis,Dytiscus marginalis,Dytiscus marginalis
18,18,53,drone beetle,200,On trees (any kind),Any weather,0,40,,,,,,All day,All day,All day,,,,,All day,All day,,,,,,,,,,All day,Green,Blue,Ins75,InsectKanabun,FtrInsectKanabun,3480,uXmtRAQgY3g596tov,,,,,Drone_Beetle,Drone_Beetle,['Pseudotorynorrhina japonica'],Pseudotorynorrhina japonica,Pseudotorynorrhina japonica,Pseudotorynorrhina japonica
19,19,50,dung beetle,3000,Pushing snowballs,Any weather,0,10,All day,All day,,,,,,,,,,All day,,,,,,All day,All day,All day,,,,,Black,Beige,Ins40,InsectFunkorogashi,FtrInsectFunkorogashi,604,p9RhE8wLWpHtcoq5G,,,,,Dung_Beetle,Dung_Beetle,['Copris pecuarius'],Copris pecuarius,Copris pecuarius,Copris pecuarius
20,20,51,earth-boring dung beetle,300,On the ground,Any weather,0,30,,,,,,,All day,All day,All day,,,,All day,All day,All day,,,,,,,,,,Purple,Orange,Ins42,InsectOhsenchikogane,FtrInsectSenchikogane,614,k2fqxdYnTF8BpHB7u,,,,,Earth-Boring_Dung_Beetle,Earth-Boring_Dung_Beetle,['Phelotrupes auratus'],Phelotrupes auratus,Phelotrupes auratus,Phelotrupes auratus
21,21,9,emperor butterfly,4000,Flying near flowers,Any except rain,20,5,5 PM – 8 AM,5 PM – 8 AM,5 PM – 8 AM,,,5 PM – 8 AM,5 PM – 8 AM,5 PM – 8 AM,5 PM – 8 AM,,,5 PM – 8 AM,5 PM – 8 AM,5 PM – 8 AM,5 PM – 8 AM,,,5 PM – 8 AM,5 PM – 8 AM,5 PM – 8 AM,5 PM – 8 AM,,,5 PM – 8 AM,Blue,Orange,Ins5,InsectMorufuocho,FtrInsectMorufuocho,627,Lwkf7oQ3mcWYm6eEY,,,,,Emperor_Butterfly,Emperor_Butterfly,"[<a class=""extiw"" href=""https://en.wikipedia.org/wiki/Morpho_menelaus"" title=""wikipedia:Morpho menelaus"">Morpho menelaus</a>]","<a class=""extiw"" href=""https://en.wikipedia.org/wiki/Morpho_menelaus"" title=""wikipedia:Morpho menelaus"">Morpho menelaus</a>",>Morpho menelaus</a>,Morpho menelaus
22,22,30,evening cicada,550,On hardwood/cedar trees,Any weather,0,50,,,,,,,4 AM – 8 AM; 4 PM – 7 PM,4 AM – 8 AM; 4 PM – 7 PM,,,,,4 AM – 8 AM; 4 PM – 7 PM,4 AM – 8 AM; 4 PM – 7 PM,,,,,,,,,,,Black,Orange,Ins20,InsectHigurashi,FtrInsectHigurashi,601,kzX4apD9C3Nq8khzR,,,,,Evening_Cicada,Evening_Cicada,['Tanna japonensis'],Tanna japonensis,Tanna japonensis,Tanna japonensis
23,23,36,firefly,300,Flying near water,Any except rain,0,200,,,,,,7 PM – 4 AM,,,,,,,,,,,,,,,,,,7 PM – 4 AM,Black,Blue,Ins41,InsectHotaru,FtrInsectHotaru,603,PgiwPqykwafyz5EL6,,,,,Firefly,Firefly,['Photuris lucicrescens'],Photuris lucicrescens,Photuris lucicrescens,Photuris lucicrescens
24,24,74,flea,70,On villagers,Any weather,0,5–10,,,,All day,All day,All day,All day,All day,All day,All day,All day,,All day,All day,All day,All day,All day,,,,,All day,All day,All day,Brown,White,Ins56,InsectNomi,FtrInsectNomi,633,QzDywoJEAJDcjGfEF,,,,,Flea,Flea,['Pulex irritans'],Pulex irritans,Pulex irritans,Pulex irritans
25,25,72,fly,60,"Flying near trash (boots, tires, cans) or rotten turnips",Any weather,0,0,All day,All day,All day,All day,All day,All day,All day,All day,All day,All day,All day,All day,All day,All day,All day,All day,All day,All day,All day,All day,All day,All day,All day,All day,Black,White,Ins59,InsectHae,FtrInsectHae,597,xdBmuMgXJ6jGxpabK,,,,,Fly,Fly,['Musca domestica'],Musca domestica,Musca domestica,Musca domestica
26,26,28,giant cicada,500,On hardwood/cedar trees,Any weather,20,50,,,,,,,8 AM – 5 PM,8 AM – 5 PM,,,,,8 AM – 5 PM,8 AM – 5 PM,,,,,,,,,,,Black,Yellow,Ins65,InsectKumazemi,FtrInsectKumazemi,618,nPm2r7idGshQW87MN,,,,,Giant_Cicada,Giant_Cicada,['Quesada gigas'],Quesada gigas,Quesada gigas,Quesada gigas
27,27,57,giant stag,10000,On trees (any kind),Any weather,50,5,,,,,,,11 PM – 8 AM,11 PM – 8 AM,,,,,11 PM – 8 AM,11 PM – 8 AM,,,,,,,,,,,Black,Black,Ins47,InsectOhkuwagata,FtrInsectOhkuwagata,637,KhrTLzayFz23zz2kn,,,,,Giant_Stag,Giant_Stag,['Dorcus titanus'],Dorcus titanus,Dorcus titanus,Dorcus titanus
28,28,40,giant water bug,2000,On rivers/ponds,Any weather,50,5,,,,7 PM – 8 AM,7 PM – 8 AM,7 PM – 8 AM,7 PM – 8 AM,7 PM – 8 AM,7 PM – 8 AM,,,,7 PM – 8 AM,7 PM – 8 AM,7 PM – 8 AM,,,,,,,7 PM – 8 AM,7 PM – 8 AM,7 PM – 8 AM,Brown,Blue,Ins76,InsectTagame,FtrInsectTagame,5157,ZsDdBvqAjZMG8EQkZ,,,,,Giant_Water_Bug,Giant_Water_Bug,"[<a class=""extiw"" href=""https://en.wikipedia.org/wiki/Lethocerus_deyrollei"" title=""wikipedia:Lethocerus deyrollei"">Lethocerus deyrollei</a>]","<a class=""extiw"" href=""https://en.wikipedia.org/wiki/Lethocerus_deyrollei"" title=""wikipedia:Lethocerus deyrollei"">Lethocerus deyrollei</a>",>Lethocerus deyrollei</a>,Lethocerus deyrollei
29,29,61,giraffe stag,12000,On palm trees,Any weather,100,1,,,,,,,5 PM – 8 AM,5 PM – 8 AM,,,,,5 PM – 8 AM,5 PM – 8 AM,,,,,,,,,,,Black,Black,Ins77,InsectGirafanokogirikuwagata,FtrInsectGirafanokogirikuwagata,3482,PSChjzMhGwhnsHTs4,,,,,Giraffe_Stag,Giraffe_Stag,['Prosopocoilus giraffa'],Prosopocoilus giraffa,Prosopocoilus giraffa,Prosopocoilus giraffa
30,30,60,golden stag,12000,On palm trees,Any weather,100,1,,,,,,,5 PM – 8 AM,5 PM – 8 AM,,,,,5 PM – 8 AM,5 PM – 8 AM,,,,,,,,,,,Black,Yellow,Ins50,InsectOugononikuwagata,FtrInsectOugononikuwagata,638,2C8cSphidFCBPxYEe,,,,,Golden_Stag,Golden_Stag,['Allotopus rosenbergi'],Allotopus rosenbergi,Allotopus rosenbergi,Allotopus rosenbergi
31,31,54,goliath beetle,8000,On palm trees,Any weather,100,2,,,,,,5 PM – 8 AM,5 PM – 8 AM,5 PM – 8 AM,5 PM – 8 AM,,,,5 PM – 8 AM,5 PM – 8 AM,5 PM – 8 AM,,,,,,,,,5 PM – 8 AM,Red,Black,Ins55,InsectGoraiasuohtsunohanamuguri,FtrInsectGoraiasuohtsunohanamuguri,596,wZQMZfhtRyPFAapmF,,,,,Goliath_Beetle,Goliath_Beetle,['Goliathus goliatus'],Goliathus goliatus,Goliathus goliatus,Goliathus goliatus
32,32,19,grasshopper,160,On the ground,Any except rain,0,60,,,,,,,8 AM – 5 PM,8 AM – 5 PM,8 AM – 5 PM,,,,8 AM – 5 PM,8 AM – 5 PM,8 AM – 5 PM,,,,,,,,,,Green,Beige,Ins32,InsectKirigirisu,FtrInsectKirigirisu,613,zkzSLJPkkcwXwShKc,,,,,Grasshopper,Grasshopper,['Melanoplus sanguinipes'],Melanoplus sanguinipes,Melanoplus sanguinipes,Melanoplus sanguinipes
33,33,7,great purple emperor,3000,Flying near flowers,Any except rain,50,5,,,,,4 AM – 7 PM,4 AM – 7 PM,4 AM – 7 PM,4 AM – 7 PM,,,,,4 AM – 7 PM,4 AM – 7 PM,,,,,,,,,4 AM – 7 PM,4 AM – 7 PM,Purple,Orange,Ins74,InsectOhmurasaki,FtrInsectOhmurasaki,3479,ZSre7sheZoRqsJwHQ,,,,,Great_Purple_Emperor,Great_Purple_Emperor,"[<a class=""extiw"" href=""https://en.wikipedia.org/wiki/Sasakia_charonda"" title=""wikipedia:Sasakia charonda"">Sasakia charonda</a>]","<a class=""extiw"" href=""https://en.wikipedia.org/wiki/Sasakia_charonda"" title=""wikipedia:Sasakia charonda"">Sasakia charonda</a>",>Sasakia charonda</a>,Sasakia charonda
34,34,70,hermit crab,1000,Disguised on shoreline,Any weather,0,25,7 PM – 8 AM,7 PM – 8 AM,7 PM – 8 AM,7 PM – 8 AM,7 PM – 8 AM,7 PM – 8 AM,7 PM – 8 AM,7 PM – 8 AM,7 PM – 8 AM,7 PM – 8 AM,7 PM – 8 AM,7 PM – 8 AM,7 PM – 8 AM,7 PM – 8 AM,7 PM – 8 AM,7 PM – 8 AM,7 PM – 8 AM,7 PM – 8 AM,7 PM – 8 AM,7 PM – 8 AM,7 PM – 8 AM,7 PM – 8 AM,7 PM – 8 AM,7 PM – 8 AM,Beige,Pink,Ins66,InsectYadokari,FtrInsectYadokari,651,TzbsfYgE4k2qo7fHN,,,,,Hermit_Crab,Hermit_Crab,"[<a class=""extiw"" href=""https://en.wikipedia.org/wiki/Coenobita_cavipes"" title=""wikipedia:Coenobita cavipes"">Coenobita cavipes</a>]","<a class=""extiw"" href=""https://en.wikipedia.org/wiki/Coenobita_cavipes"" title=""wikipedia:Coenobita cavipes"">Coenobita cavipes</a>",>Coenobita cavipes</a>,Coenobita cavipes
35,35,24,honeybee,200,Flying near flowers,Any except rain,0,30,,,8 AM – 5 PM,8 AM – 5 PM,8 AM – 5 PM,8 AM – 5 PM,8 AM – 5 PM,,,,,,8 AM – 5 PM,,,,,,,,8 AM – 5 PM,8 AM – 5 PM,8 AM – 5 PM,8 AM – 5 PM,Yellow,Blue,Ins11,InsectMitsubachi,FtrInsectMitsubachi,623,yeWiAiqDRwinvumDm,,,,,Honeybee,Honeybee,['Apis mellifera'],Apis mellifera,Apis mellifera,Apis mellifera
36,36,63,horned atlas,8000,On palm trees,Any weather,100,2,,,,,,,5 PM – 8 AM,5 PM – 8 AM,,,,,5 PM – 8 AM,5 PM – 8 AM,,,,,,,,,,,Black,Black,Ins52,InsectKohkasasuohkabuto,FtrInsectKohkasasuohkabuto,615,S93y8gxrSHFNCFmwJ,,,,,Horned_Atlas,Horned_Atlas,"[<a class=""extiw"" href=""https://en.wikipedia.org/wiki/Chalcosoma"" title=""wikipedia:Chalcosoma"">Chalcosoma</a>]","<a class=""extiw"" href=""https://en.wikipedia.org/wiki/Chalcosoma"" title=""wikipedia:Chalcosoma"">Chalcosoma</a>",>Chalcosoma</a>,Chalcosoma
37,37,62,horned dynastid,1350,On trees (any kind),Any weather,0,35,,,,,,,5 PM – 8 AM,5 PM – 8 AM,,,,,5 PM – 8 AM,5 PM – 8 AM,,,,,,,,,,,Brown,Black,Ins51,InsectKabutomushi,FtrInsectKabutomushi,612,zaG8qsKLpbTjysx7D,,,,,Horned_Dynastid,Horned_Dynastid,['Allomyrina dichotomus politus'],Allomyrina dichotomus politus,Allomyrina dichotomus politus,Allomyrina dichotomus politus
38,38,64,horned elephant,8000,On palm trees,Any weather,100,2,,,,,,,5 PM – 8 AM,5 PM – 8 AM,,,,,5 PM – 8 AM,5 PM – 8 AM,,,,,,,,,,,Beige,Black,Ins53,InsectZoukabuto,FtrInsectZoukabuto,653,M7SHXNEMf78nJD6fE,,,,,Horned_Elephant,Horned_Elephant,['Megasoma elephas'],Megasoma elephas,Megasoma elephas,Megasoma elephas
39,39,65,horned hercules,12000,On palm trees,Any weather,100,1,,,,,,,5 PM – 8 AM,5 PM – 8 AM,,,,,5 PM – 8 AM,5 PM – 8 AM,,,,,,,,,,,Yellow,Black,Ins54,InsectHerakuresuohkabuto,FtrInsectHerakuresuohkabuto,600,TqhEomNEMDZ2wcTpk,,,,,Horned_Hercules,Horned_Hercules,['Dynastes hercules'],Dynastes hercules,Dynastes hercules,Dynastes hercules
40,40,45,jewel beetle,2400,On tree stumps,Any except rain,20,5,,,,All day,All day,All day,All day,All day,,,,,All day,All day,,,,,,,,All day,All day,All day,Green,Black,Ins44,InsectTamamushi,FtrInsectTamamushi,645,TYFowxRG4ydcvotkQ,,,,,Jewel_Beetle,Jewel_Beetle,['Chrysochroa fulgidissima'],Chrysochroa fulgidissima,Chrysochroa fulgidissima,Chrysochroa fulgidissima
41,41,43,ladybug,200,On flowers,Any except rain,0,40,,,8 AM – 5 PM,8 AM – 5 PM,8 AM – 5 PM,8 AM – 5 PM,,,,8 AM – 5 PM,,,,,,8 AM – 5 PM,,,,,8 AM – 5 PM,8 AM – 5 PM,8 AM – 5 PM,8 AM – 5 PM,Red,Green,Ins37,InsectTentoumushi,FtrInsectTentoumushi,647,pYSSbvXzkuFneRvQ7,,,,,Ladybug,Ladybug,"[<a class=""extiw"" href=""https://en.wikipedia.org/wiki/Coccinella_septempunctata"" title=""wikipedia:Coccinella septempunctata"">Coccinella septempunctata</a>]","<a class=""extiw"" href=""https://en.wikipedia.org/wiki/Coccinella_septempunctata"" title=""wikipedia:Coccinella septempunctata"">Coccinella septempunctata</a>",>Coccinella septempunctata</a>,Coccinella septempunctata
42,42,16,long locust,200,On the ground,Any weather,0,50,,,,8 AM – 7 PM,8 AM – 7 PM,8 AM – 7 PM,8 AM – 7 PM,8 AM – 7 PM,8 AM – 7 PM,8 AM – 7 PM,8 AM – 7 PM,,8 AM – 7 PM,8 AM – 7 PM,8 AM – 7 PM,8 AM – 7 PM,8 AM – 7 PM,,,,,8 AM – 7 PM,8 AM – 7 PM,8 AM – 7 PM,Green,Blue,Ins13,InsectShoryobatta,FtrInsectShoryobatta,644,Q57sgq4hQTNZAqWXj,,,,,Long_Locust,Long_Locust,"[<a class=""extiw"" href=""https://species.wikimedia.org/wiki/Acrida_cinerea"" title=""wikispecies:Acrida cinerea"">Acrida cinerea</a>]","<a class=""extiw"" href=""https://species.wikimedia.org/wiki/Acrida_cinerea"" title=""wikispecies:Acrida cinerea"">Acrida cinerea</a>",>Acrida cinerea</a>,Acrida cinerea
43,43,15,Madagascan sunset moth,2500,Flying near flowers,Any except rain,20,5,,,,8 AM – 4 PM,8 AM – 4 PM,8 AM – 4 PM,8 AM – 4 PM,8 AM – 4 PM,8 AM – 4 PM,,,,8 AM – 4 PM,8 AM – 4 PM,8 AM – 4 PM,,,,,,,8 AM – 4 PM,8 AM – 4 PM,8 AM – 4 PM,Green,Pink,Ins79,InsectNishikiohtsubamega,FtrInsectNishikiohtsubamega,3484,EFWMygLqnJinFoXSW,,,,,Madagascan_Sunset_Moth,Madagascan_Sunset_Moth,"[<a class=""extiw"" href=""https://en.wikipedia.org/wiki/Chrysiridia_rhipheus"" title=""wikipedia:Chrysiridia rhipheus"">Chrysiridia rhipheus</a>]","<a class=""extiw"" href=""https://en.wikipedia.org/wiki/Chrysiridia_rhipheus"" title=""wikipedia:Chrysiridia rhipheus"">Chrysiridia rhipheus</a>",>Chrysiridia rhipheus</a>,Chrysiridia rhipheus
44,44,42,man-faced stink bug,1000,On flowers,Any except rain,20,20,,,7 PM – 8 AM,7 PM – 8 AM,7 PM – 8 AM,7 PM – 8 AM,7 PM – 8 AM,7 PM – 8 AM,7 PM – 8 AM,7 PM – 8 AM,,,7 PM – 8 AM,7 PM – 8 AM,7 PM – 8 AM,7 PM – 8 AM,,,,,7 PM – 8 AM,7 PM – 8 AM,7 PM – 8 AM,7 PM – 8 AM,Black,Orange,Ins78,InsectJinmenkamemushi,FtrInsectJinmenkamemushi,3483,zvr84Jvf4s6K23XJ5,,,,,Man-Faced_Stink_Bug,Man-Faced_Stink_Bug,['Catacanthus incarnatus'],Catacanthus incarnatus,Catacanthus incarnatus,Catacanthus incarnatus
45,45,22,mantis,430,On flowers,Any except rain,0,30,,,8 AM – 5 PM,8 AM – 5 PM,8 AM – 5 PM,8 AM – 5 PM,8 AM – 5 PM,8 AM – 5 PM,8 AM – 5 PM,8 AM – 5 PM,8 AM – 5 PM,,8 AM – 5 PM,8 AM – 5 PM,8 AM – 5 PM,8 AM – 5 PM,8 AM – 5 PM,,,,8 AM – 5 PM,8 AM – 5 PM,8 AM – 5 PM,8 AM – 5 PM,Green,Green,Ins15,InsectKamakiri,FtrInsectKamakiri,607,Qko2mfz7SaESpMcCv,,,,,Mantis,Mantis,['Hierodula patellifera'],Hierodula patellifera,Hierodula patellifera,Hierodula patellifera
46,46,17,migratory locust,600,On the ground,Any weather,20,10,,,,,,,,8 AM – 7 PM,8 AM – 7 PM,8 AM – 7 PM,8 AM – 7 PM,,,8 AM – 7 PM,8 AM – 7 PM,8 AM – 7 PM,8 AM – 7 PM,,,,,,,,Green,Orange,Ins14,InsectTonosamabatta,FtrInsectTonosamabatta,648,dkGagcjd7aZwFEszw,,,,,Migratory_Locust,Migratory_Locust,['Locusta migratoria'],Locusta migratoria,Locusta migratoria,Locusta migratoria
47,47,56,miyama stag,1000,On trees (any kind),Any weather,0,35,,,,,,,All day,All day,,,,,All day,All day,,,,,,,,,,,Black,Black,Ins46,InsectMiyamakuwagata,FtrInsectMiyamakuwagata,624,qRGGm6MfuP4Aqdk3M,,,,,Miyama_Stag,Miyama_Stag,"[<a class=""extiw"" href=""https://en.wikipedia.org/wiki/Lucanus_maculifemoratus"" title=""wikipedia:Lucanus maculifemoratus"">Lucanus maculifemoratus</a>]","<a class=""extiw"" href=""https://en.wikipedia.org/wiki/Lucanus_maculifemoratus"" title=""wikipedia:Lucanus maculifemoratus"">Lucanus maculifemoratus</a>",>Lucanus maculifemoratus</a>,Lucanus maculifemoratus
48,48,37,mole cricket,500,Underground (dig where noise is loudest),Any weather,0,30,All day,All day,All day,All day,All day,,,,,,All day,All day,,,,,All day,All day,All day,All day,All day,All day,All day,,Brown,Yellow,Ins33,InsectOkera,FtrInsectOkera,634,HMWPGeeKw9LP6ucSq,,,,,Mole_Cricket,Mole_Cricket,"[<a class=""extiw"" href=""https://en.wikipedia.org/wiki/Gryllotalpa_brachyptera"" title=""wikipedia:Gryllotalpa brachyptera"">Gryllotalpa brachyptera</a>]","<a class=""extiw"" href=""https://en.wikipedia.org/wiki/Gryllotalpa_brachyptera"" title=""wikipedia:Gryllotalpa brachyptera"">Gryllotalpa brachyptera</a>",>Gryllotalpa brachyptera</a>,Gryllotalpa brachyptera
49,49,8,monarch butterfly,140,Flying near flowers,Any except rain,0,70,,,,,,,,,4 AM – 5 PM,4 AM – 5 PM,4 AM – 5 PM,,,,4 AM – 5 PM,4 AM – 5 PM,4 AM – 5 PM,,,,,,,,Orange,Blue,Ins4,InsectOhkabamadara,FtrInsectOhkabamadara,636,BJPKSZMZ2tkLXkWjL,,,,,Monarch_Butterfly,Monarch_Butterfly,"[<a class=""extiw"" href=""https://en.wikipedia.org/wiki/Danaus_plexippus"" title=""wikipedia:Danaus plexippus"">Danaus plexippus</a>]","<a class=""extiw"" href=""https://en.wikipedia.org/wiki/Danaus_plexippus"" title=""wikipedia:Danaus plexippus"">Danaus plexippus</a>",>Danaus plexippus</a>,Danaus plexippus
50,50,73,mosquito,130,Flying,Any except rain,0,50,,,,,,5 PM – 4 AM,5 PM – 4 AM,5 PM – 4 AM,5 PM – 4 AM,,,,5 PM – 4 AM,5 PM – 4 AM,5 PM – 4 AM,,,,,,,,,5 PM – 4 AM,Black,White,Ins58,InsectKa,FtrInsectKa,606,3mMZ74qpWWnoizJHh,,,,,Mosquito,Mosquito,"[<a class=""extiw"" href=""https://en.wikipedia.org/wiki/Aedes_albopictus"" title=""wikipedia:Aedes albopictus"">Aedes albopictus</a>]","<a class=""extiw"" href=""https://en.wikipedia.org/wiki/Aedes_albopictus"" title=""wikipedia:Aedes albopictus"">Aedes albopictus</a>",>Aedes albopictus</a>,Aedes albopictus
51,51,13,moth,130,Flying near light sources,Any except rain,0,25,7 PM – 4 AM,7 PM – 4 AM,7 PM – 4 AM,7 PM – 4 AM,7 PM – 4 AM,7 PM – 4 AM,7 PM – 4 AM,7 PM – 4 AM,7 PM – 4 AM,7 PM – 4 AM,7 PM – 4 AM,7 PM – 4 AM,7 PM – 4 AM,7 PM – 4 AM,7 PM – 4 AM,7 PM – 4 AM,7 PM – 4 AM,7 PM – 4 AM,7 PM – 4 AM,7 PM – 4 AM,7 PM – 4 AM,7 PM – 4 AM,7 PM – 4 AM,7 PM – 4 AM,Beige,Yellow,Ins9,InsectGa,FtrInsectGa,592,7Kd97rqbYBuzuCHgf,,,,,Moth,Moth,"[<a class=""extiw"" href=""https://en.wikipedia.org/wiki/Opodiphthera_eucalypti"" title=""wikipedia:Opodiphthera eucalypti"">Opodiphthera eucalypti</a>]","<a class=""extiw"" href=""https://en.wikipedia.org/wiki/Opodiphthera_eucalypti"" title=""wikipedia:Opodiphthera eucalypti"">Opodiphthera eucalypti</a>",>Opodiphthera eucalypti</a>,Opodiphthera eucalypti
52,52,23,orchid mantis,2400,On white flowers,Any except rain,20,15,,,8 AM – 5 PM,8 AM – 5 PM,8 AM – 5 PM,8 AM – 5 PM,8 AM – 5 PM,8 AM – 5 PM,8 AM – 5 PM,8 AM – 5 PM,8 AM – 5 PM,,8 AM – 5 PM,8 AM – 5 PM,8 AM – 5 PM,8 AM – 5 PM,8 AM – 5 PM,,,,8 AM – 5 PM,8 AM – 5 PM,8 AM – 5 PM,8 AM – 5 PM,White,Pink,Ins16,InsectHanakamakiri,FtrInsectHanakamakiri,598,9b4v6nMrrThHEtNbB,,,,,Orchid_Mantis,Orchid_Mantis,['Hymenopus coronatus'],Hymenopus coronatus,Hymenopus coronatus,Hymenopus coronatus
53,53,6,paper kite butterfly,1000,Flying near flowers,Any except rain,0,20,8 AM – 7 PM,8 AM – 7 PM,8 AM – 7 PM,8 AM – 7 PM,8 AM – 7 PM,8 AM – 7 PM,8 AM – 7 PM,8 AM – 7 PM,8 AM – 7 PM,8 AM – 7 PM,8 AM – 7 PM,8 AM – 7 PM,8 AM – 7 PM,8 AM – 7 PM,8 AM – 7 PM,8 AM – 7 PM,8 AM – 7 PM,8 AM – 7 PM,8 AM – 7 PM,8 AM – 7 PM,8 AM – 7 PM,8 AM – 7 PM,8 AM – 7 PM,8 AM – 7 PM,White,Yellow,Ins73,InsectOhgomamadara,FtrInsectOhgomamadara,3478,hzwridDJE99rPHLrZ,,,,,Paper_Kite_Butterfly,Paper_Kite_Butterfly,['Idea leuconoe'],Idea leuconoe,Idea leuconoe,Idea leuconoe
54,54,4,peacock butterfly,2500,Flying near blue/purple/black flowers,Any except rain,20,5,,,4 AM – 7 PM,4 AM – 7 PM,4 AM – 7 PM,4 AM – 7 PM,,,,,,,,,,,,,,,4 AM – 7 PM,4 AM – 7 PM,4 AM – 7 PM,4 AM – 7 PM,Green,Blue,Ins3,InsectKarasuageha,FtrInsectKarasuageha,610,rguKzmnRkGmBMKzyE,,,,,Peacock_Butterfly,Peacock_Butterfly,"[<a class=""extiw"" href=""https://en.wikipedia.org/wiki/Papilio_bianor"" title=""wikipedia:Papilio bianor"">Papilio bianor</a>]","<a class=""extiw"" href=""https://en.wikipedia.org/wiki/Papilio_bianor"" title=""wikipedia:Papilio bianor"">Papilio bianor</a>",>Papilio bianor</a>,Papilio bianor
55,55,76,pill bug,250,From hitting rocks,Any weather,0,50,11 PM – 4 PM,11 PM – 4 PM,11 PM – 4 PM,11 PM – 4 PM,11 PM – 4 PM,11 PM – 4 PM,,,11 PM – 4 PM,11 PM – 4 PM,11 PM – 4 PM,11 PM – 4 PM,,,11 PM – 4 PM,11 PM – 4 PM,11 PM – 4 PM,11 PM – 4 PM,11 PM – 4 PM,11 PM – 4 PM,11 PM – 4 PM,11 PM – 4 PM,11 PM – 4 PM,11 PM – 4 PM,Black,Blue,Ins57,InsectDangomushi,FtrInsectDangomushi,590,SGHXhcTzaNJD2z926,,,,,Pill_Bug,Pill_Bug,['Armadillidium vulgare'],Armadillidium vulgare,Armadillidium vulgare,Armadillidium vulgare
56,56,38,pondskater,130,On rivers/ponds,Any weather,0,30,,,,,8 AM – 7 PM,8 AM – 7 PM,8 AM – 7 PM,8 AM – 7 PM,8 AM – 7 PM,,,,8 AM – 7 PM,8 AM – 7 PM,8 AM – 7 PM,,,,,,,,8 AM – 7 PM,8 AM – 7 PM,Black,Blue,Ins27,InsectAmenbo,FtrInsectAmenbo,587,eSBNwiuZforpxNYem,,,,,Pondskater,Pondskater,"[<a class=""extiw"" href=""https://en.wikipedia.org/wiki/Gerris_lacustris"" title=""wikipedia:Gerris lacustris"">Gerris lacustris</a>]","<a class=""extiw"" href=""https://en.wikipedia.org/wiki/Gerris_lacustris"" title=""wikipedia:Gerris lacustris"">Gerris lacustris</a>",>Gerris lacustris</a>,Gerris lacustris
57,57,12,Queen Alexandra's birdwing,4000,Flying near flowers,Any except rain,50,5,,,,,8 AM – 4 PM,8 AM – 4 PM,8 AM – 4 PM,8 AM – 4 PM,8 AM – 4 PM,,,,8 AM – 4 PM,8 AM – 4 PM,8 AM – 4 PM,,,,,,,,8 AM – 4 PM,8 AM – 4 PM,Green,Pink,Ins8,InsectArekisandoratoribaneageha,FtrInsectArekisandoratoribaneageha,586,PbNXeN9GZuJuow7jv,,,,,Queen_Alexandra%27s_Birdwing,Queen_Alexandra%27s_Birdwing,"[<a class=""extiw"" href=""https://en.wikipedia.org/wiki/Ornithoptera_alexandrae"" title=""wikipedia:Ornithoptera alexandrae"">Ornithoptera alexandrae</a>]","<a class=""extiw"" href=""https://en.wikipedia.org/wiki/Ornithoptera_alexandrae"" title=""wikipedia:Ornithoptera alexandrae"">Ornithoptera alexandrae</a>",>Ornithoptera alexandrae</a>,Ornithoptera alexandrae
58,58,58,rainbow stag,6000,On trees (any kind),Any weather,50,7,,,,,,7 PM – 8 AM,7 PM – 8 AM,7 PM – 8 AM,7 PM – 8 AM,,,,7 PM – 8 AM,7 PM – 8 AM,7 PM – 8 AM,,,,,,,,,7 PM – 8 AM,Brown,Black,Ins48,InsectNijiirokuwagata,FtrInsectNijiirokuwagata,631,Egfv6BDtFMeGZPmfh,,,,,Rainbow_Stag,Rainbow_Stag,['Phalacrognathus muelleri'],Phalacrognathus muelleri,Phalacrognathus muelleri,Phalacrognathus muelleri
59,59,11,Rajah Brooke's birdwing,2500,Flying near flowers,Any except rain,20,5,8 AM – 5 PM,8 AM – 5 PM,,8 AM – 5 PM,8 AM – 5 PM,8 AM – 5 PM,8 AM – 5 PM,8 AM – 5 PM,8 AM – 5 PM,,,8 AM – 5 PM,8 AM – 5 PM,8 AM – 5 PM,8 AM – 5 PM,,,8 AM – 5 PM,8 AM – 5 PM,8 AM – 5 PM,,8 AM – 5 PM,8 AM – 5 PM,8 AM – 5 PM,Green,Pink,Ins7,InsectAkaeritoribaneageha,FtrInsectAkaeritoribaneageha,584,gLpHgXT4pPXP4XfWQ,,,,,Rajah_Brooke%27s_Birdwing,Rajah_Brooke%27s_Birdwing,"[<a class=""extiw"" href=""https://en.wikipedia.org/wiki/Trogonoptera_brookiana"" title=""wikipedia:Trogonoptera brookiana"">Trogonoptera brookiana</a>]","<a class=""extiw"" href=""https://en.wikipedia.org/wiki/Trogonoptera_brookiana"" title=""wikipedia:Trogonoptera brookiana"">Trogonoptera brookiana</a>",>Trogonoptera brookiana</a>,Trogonoptera brookiana
60,60,32,red dragonfly,180,Flying near water,Any except rain,0,80,,,,,,,,,8 AM – 7 PM,8 AM – 7 PM,,,,,8 AM – 7 PM,8 AM – 7 PM,,,,,,,,,Red,Orange,Ins22,InsectAkiakane,FtrInsectAkiakane,585,PKSHvkPphXteXHKuG,,,,,Red_Dragonfly,Red_Dragonfly,"[<a class=""extiw"" href=""https://en.wikipedia.org/wiki/Sympetrum_fonscolombii"" title=""wikipedia:Sympetrum fonscolombii"">Sympetrum fonscolombii</a>]","<a class=""extiw"" href=""https://en.wikipedia.org/wiki/Sympetrum_fonscolombii"" title=""wikipedia:Sympetrum fonscolombii"">Sympetrum fonscolombii</a>",>Sympetrum fonscolombii</a>,Sympetrum fonscolombii
61,61,18,rice grasshopper,400,On the ground,Any weather,0,20,,,,,,,,8 AM – 7 PM,8 AM – 7 PM,8 AM – 7 PM,8 AM – 7 PM,,,8 AM – 7 PM,8 AM – 7 PM,8 AM – 7 PM,8 AM – 7 PM,,,,,,,,Green,Yellow,Ins67,InsectInago,FtrInsectInago,605,ZxXDxrgPvXEHz24Ni,,,,,Rice_Grasshopper,Rice_Grasshopper,['Oxya yezoensis'],Oxya yezoensis,Oxya yezoensis,Oxya yezoensis
62,62,27,robust cicada,300,On hardwood/cedar trees,Any weather,0,70,,,,,,,8 AM – 5 PM,8 AM – 5 PM,,,,,8 AM – 5 PM,8 AM – 5 PM,,,,,,,,,,,Black,Blue,Ins18,InsectMinminzemi,FtrInsectMinminzemi,621,cd5ymnRmRvT4n4yjB,,,,,Robust_Cicada,Robust_Cicada,['Hyalessa maculaticollis'],Hyalessa maculaticollis,Hyalessa maculaticollis,Hyalessa maculaticollis
63,63,48,rosalia batesi beetle,3000,On tree stumps,Any except rain,20,2,,,,,All day,All day,All day,All day,All day,,,,All day,All day,All day,,,,,,,,All day,All day,Blue,Black,Ins82,InsectRuriboshikamikiri,FtrInsectRuriboshikamikiri,3487,MSTA9vdJmGoDDADrF,,,,,Rosalia_Batesi_Beetle,Rosalia_Batesi_Beetle,['Rosalia batesi'],Rosalia batesi,Rosalia batesi,Rosalia batesi
64,64,55,saw stag,2000,On trees (any kind),Any weather,0,20,,,,,,,All day,All day,,,,,All day,All day,,,,,,,,,,,Brown,Black,Ins46,InsectNokogirikuwagata,FtrInsectNokogirikuwagata,632,YQq3iSiBcBAHTWxc2,,,,,Saw_Stag,Saw_Stag,['Prosopocoilus inclinatus'],Prosopocoilus inclinatus,Prosopocoilus inclinatus,Prosopocoilus inclinatus
65,65,52,scarab beetle,10000,On trees (any kind),Any weather,50,3,,,,,,,11 PM – 8 AM,11 PM – 8 AM,,,,,11 PM – 8 AM,11 PM – 8 AM,,,,,,,,,,,Black,Beige,Ins43,InsectPurachinakogane,FtrInsectPurachinakogane,639,2HXdFD8s6BmYYMf4u,,,,,Scarab_Beetle,Scarab_Beetle,['Chrysina resplendens'],Chrysina resplendens,Chrysina resplendens,Chrysina resplendens
66,66,80,scorpion,8000,On the ground,Any weather,0,2,,,,,7 PM – 4 AM,7 PM – 4 AM,7 PM – 4 AM,7 PM – 4 AM,7 PM – 4 AM,7 PM – 4 AM,,,7 PM – 4 AM,7 PM – 4 AM,7 PM – 4 AM,7 PM – 4 AM,,,,,,,7 PM – 4 AM,7 PM – 4 AM,Black,Black,Ins63,InsectSasori,FtrInsectSasori,640,xMzHsHbjvvicZvYxg,,,,,Scorpion,Scorpion,['Scorpiones'],Scorpiones,Scorpiones,Scorpiones
67,67,75,snail,250,On rocks/bushes,Rain only,0,20,All day,All day,All day,All day,All day,All day,All day,All day,All day,All day,All day,All day,All day,All day,All day,All day,All day,All day,All day,All day,All day,All day,All day,All day,Beige,Green,Ins29,InsectKatatsumuri,FtrInsectKatatsumuri,611,rDNLeQnmJQGxsHpmL,,,,,Snail,Snail,['Helix pomatia'],Helix pomatia,Helix pomatia,Helix pomatia
68,68,78,spider,600,Shaking trees (hardwood or cedar only),Any weather,0,30,7 PM – 8 AM,7 PM – 8 AM,7 PM – 8 AM,7 PM – 8 AM,7 PM – 8 AM,7 PM – 8 AM,7 PM – 8 AM,7 PM – 8 AM,7 PM – 8 AM,7 PM – 8 AM,7 PM – 8 AM,7 PM – 8 AM,7 PM – 8 AM,7 PM – 8 AM,7 PM – 8 AM,7 PM – 8 AM,7 PM – 8 AM,7 PM – 8 AM,7 PM – 8 AM,7 PM – 8 AM,7 PM – 8 AM,7 PM – 8 AM,7 PM – 8 AM,7 PM – 8 AM,Yellow,Orange,Ins61,InsectKumo,FtrInsectKumo,619,s2u8kDoMQx7GbAJTR,,,,,Spider,Spider,['Argiope bruennichi'],Argiope bruennichi,Argiope bruennichi,Argiope bruennichi
69,69,41,stinkbug,120,On flowers,Any except rain,0,40,,,All day,All day,All day,All day,All day,All day,All day,All day,,,All day,All day,All day,All day,,,,,All day,All day,All day,All day,Green,Yellow,Ins64,InsectKamemushi,FtrInsectKamemushi,608,4u5GZ4z3CyaHhMgqj,,,,,Stinkbug,Stinkbug,['Palomena prasina'],Palomena prasina,Palomena prasina,Palomena prasina
70,70,79,tarantula,8000,On the ground,Any weather,0,2,7 PM – 4 AM,7 PM – 4 AM,7 PM – 4 AM,7 PM – 4 AM,,,,,,,7 PM – 4 AM,7 PM – 4 AM,,,,,7 PM – 4 AM,7 PM – 4 AM,7 PM – 4 AM,7 PM – 4 AM,7 PM – 4 AM,7 PM – 4 AM,,,Brown,Black,Ins62,InsectTaranchura,FtrInsectTaranchura,646,4mto3ZvrZYpJxbm4c,,,,,Tarantula,Tarantula,"[<a class=""extiw"" href=""https://en.wikipedia.org/wiki/Brachypelma_smithi"" title=""wikipedia:Brachypelma smithi"">Brachypelma smithi</a>]","<a class=""extiw"" href=""https://en.wikipedia.org/wiki/Brachypelma_smithi"" title=""wikipedia:Brachypelma smithi"">Brachypelma smithi</a>",>Brachypelma smithi</a>,Brachypelma smithi
71,71,44,tiger beetle,1500,On the ground,Any except rain,20,15,,All day,All day,All day,All day,All day,All day,All day,All day,All day,,,All day,All day,All day,All day,,,,All day,All day,All day,All day,All day,Green,Yellow,Ins70,InsectHanmyou,FtrInsectHanmyou,599,zzGvu3797KnMb4LCD,,,,,Tiger_Beetle,Tiger_Beetle,['Cicindela japonica'],Cicindela japonica,Cicindela japonica,Cicindela japonica
72,72,3,tiger butterfly,240,Flying,Any except rain,0,40,,,4 AM – 7 PM,4 AM – 7 PM,4 AM – 7 PM,4 AM – 7 PM,4 AM – 7 PM,4 AM – 7 PM,4 AM – 7 PM,,,,4 AM – 7 PM,4 AM – 7 PM,4 AM – 7 PM,,,,,,4 AM – 7 PM,4 AM – 7 PM,4 AM – 7 PM,4 AM – 7 PM,Yellow,Green,Ins2,InsectAgehacho,FtrInsectAgehacho,583,GcSpepwg536mYnNuu,,,,,Tiger_Butterfly,Tiger_Butterfly,"[<a class=""extiw"" href=""https://en.wikipedia.org/wiki/Papilio_glaucus"" title=""wikipedia:Papilio glaucus"">Papilio glaucus</a>]","<a class=""extiw"" href=""https://en.wikipedia.org/wiki/Papilio_glaucus"" title=""wikipedia:Papilio glaucus"">Papilio glaucus</a>",>Papilio glaucus</a>,Papilio glaucus
73,73,46,violin beetle,450,On tree stumps,Any except rain,0,10,,,,,All day,All day,,,All day,All day,All day,,,,All day,All day,All day,,,,,,All day,All day,Brown,Black,Ins38,InsectBaiorinmushi,FtrInsectBaiorinmushi,650,poAcys5Mr35ELp5PS,,,,,Violin_Beetle,Violin_Beetle,['Mormolyce phyllodes'],Mormolyce phyllodes,Mormolyce phyllodes,Mormolyce phyllodes
74,74,29,walker cicada,400,On hardwood/cedar trees,Any weather,0,40,,,,,,,,8 AM – 5 PM,8 AM – 5 PM,,,,,8 AM – 5 PM,8 AM – 5 PM,,,,,,,,,,Black,Pink,Ins19,InsectTsukutsukuhousi,FtrInsectTsukutsukuhousi,649,QdrL4K7seJHvd4ZZM,,,,,Walker_Cicada,Walker_Cicada,"[<a class=""extiw"" href=""https://en.wikipedia.org/wiki/Meimuna_opalifera"" title=""wikipedia:Meimuna opalifera"">Meimuna opalifera</a>]","<a class=""extiw"" href=""https://en.wikipedia.org/wiki/Meimuna_opalifera"" title=""wikipedia:Meimuna opalifera"">Meimuna opalifera</a>",>Meimuna opalifera</a>,Meimuna opalifera
75,75,67,walking leaf,600,Disguised under trees,Any weather,20,10,,,,,,,All day,All day,All day,,,,All day,All day,All day,,,,,,,,,,Green,Green,Ins34,InsectKonohamushi,FtrInsectKonohamushi,616,kuZaMcg2E7ZX56nio,,,,,Walking_Leaf,Walking_Leaf,['Phyllium phylliidae'],Phyllium phylliidae,Phyllium phylliidae,Phyllium phylliidae
76,76,66,walking stick,600,On trees (any kind),Any weather,20,10,,,,,,,4 AM – 8 AM; 5 PM – 7 PM,4 AM – 8 AM; 5 PM – 7 PM,4 AM – 8 AM; 5 PM – 7 PM,4 AM – 8 AM; 5 PM – 7 PM,4 AM – 8 AM; 5 PM – 7 PM,,4 AM – 8 AM; 5 PM – 7 PM,4 AM – 8 AM; 5 PM – 7 PM,4 AM – 8 AM; 5 PM – 7 PM,4 AM – 8 AM; 5 PM – 7 PM,4 AM – 8 AM; 5 PM – 7 PM,,,,,,,,Brown,Yellow,Ins35,InsectNanafushi,FtrInsectNanafushi,630,WQjgrjYotbwH59vXG,,,,,Walking_Stick,Walking_Stick,['Ctenomorphodes chronus'],Ctenomorphodes chronus,Ctenomorphodes chronus,Ctenomorphodes chronus
77,77,25,wasp,2500,Shaking trees,Any weather,0,0,All day,All day,All day,All day,All day,All day,All day,All day,All day,All day,All day,All day,All day,All day,All day,All day,All day,All day,All day,All day,All day,All day,All day,All day,Yellow,Orange,Ins12,InsectHachi,FtrInsectHachi,643,ZEfBHqM6pFEddBezw,,,,,Wasp,Wasp,['Unknown'],Unknown,Unknown,Unknown
78,78,71,wharf roach,200,On beach rocks,Any weather,0,20,All day,All day,All day,All day,All day,All day,All day,All day,All day,All day,All day,All day,All day,All day,All day,All day,All day,All day,All day,All day,All day,All day,All day,All day,Beige,Blue,Ins71,InsectFunamushi,FtrInsectFunamushi,591,2fp9ChfPuPdYefTK3,,,,,Wharf_Roach,Wharf_Roach,['Ligia exotica'],Ligia exotica,Ligia exotica,Ligia exotica
79,79,2,yellow butterfly,160,Flying,Any except rain,0,60,,,4 AM – 7 PM,4 AM – 7 PM,4 AM – 7 PM,4 AM – 7 PM,,,4 AM – 7 PM,4 AM – 7 PM,,,,,4 AM – 7 PM,4 AM – 7 PM,,,,,4 AM – 7 PM,4 AM – 7 PM,4 AM – 7 PM,4 AM – 7 PM,Yellow,Blue,Ins1,InsectMonkicho,FtrInsectMonkicho,625,9d92MqgcnGao8wQjB,,,,,Yellow_Butterfly,Yellow_Butterfly,"[<a class=""extiw"" href=""https://en.wikipedia.org/wiki/Colias_erate"" title=""wikipedia:Colias erate"">Colias erate</a>]","<a class=""extiw"" href=""https://en.wikipedia.org/wiki/Colias_erate"" title=""wikipedia:Colias erate"">Colias erate</a>",>Colias erate</a>,Colias erate
80,80,56,anchovy,200,Sea,,0,2–5,4 AM – 9 PM,4 AM – 9 PM,4 AM – 9 PM,4 AM – 9 PM,4 AM – 9 PM,4 AM – 9 PM,4 AM – 9 PM,4 AM – 9 PM,4 AM – 9 PM,4 AM – 9 PM,4 AM – 9 PM,4 AM – 9 PM,4 AM – 9 PM,4 AM – 9 PM,4 AM – 9 PM,4 AM – 9 PM,4 AM – 9 PM,4 AM – 9 PM,4 AM – 9 PM,4 AM – 9 PM,4 AM – 9 PM,4 AM – 9 PM,4 AM – 9 PM,4 AM – 9 PM,Blue,Red,Fish81,FishAntyobi,FtrFishAntyobi,4201,LzuWkSQP55uEpRCP5,Small,No,1x1,No lighting,Anchovy_(fish),Anchovy_(fish),"[<a class=""extiw"" href=""https://en.wikipedia.org/wiki/Engraulis_japonicus"" title=""wikipedia:Engraulis japonicus"">Engraulis japonicus</a>, <br/>, <small>(Japanese anchovy)</small>]","<a class=""extiw"" href=""https://en.wikipedia.org/wiki/Engraulis_japonicus"" title=""wikipedia:Engraulis japonicus"">Engraulis japonicus</a>",>Engraulis japonicus</a>,Engraulis japonicus
81,81,36,angelfish,3000,River,,20,2–5,,,,,4 PM – 9 AM,4 PM – 9 AM,4 PM – 9 AM,4 PM – 9 AM,4 PM – 9 AM,4 PM – 9 AM,,,4 PM – 9 AM,4 PM – 9 AM,4 PM – 9 AM,4 PM – 9 AM,,,,,,,4 PM – 9 AM,4 PM – 9 AM,Yellow,Black,Fish30,FishAngelfish,FtrFishAngelfish,2247,XTCFCk2SiuY5YXLZ7,Small,No,1x1,Fluorescent,Angelfish,Angelfish,"[<a class=""extiw"" href=""https://en.wikipedia.org/wiki/Pterophyllum_altum"" title=""wikipedia:Pterophyllum altum"">Pterophyllum altum</a>, <br/>, <small>(altum angelfish)</small>]","<a class=""extiw"" href=""https://en.wikipedia.org/wiki/Pterophyllum_altum"" title=""wikipedia:Pterophyllum altum"">Pterophyllum altum</a>",>Pterophyllum altum</a>,Pterophyllum altum
82,82,44,arapaima,10000,River,,50,1,,,,,,4 PM – 9 AM,4 PM – 9 AM,4 PM – 9 AM,4 PM – 9 AM,,,,4 PM – 9 AM,4 PM – 9 AM,4 PM – 9 AM,,,,,,,,,4 PM – 9 AM,Black,Blue,Fish36,FishPiraruku,FtrFishPiraruku,2253,mZy4BES54bqwi97br,XX-Large,Yes,3x2,No lighting,Arapaima,Arapaima,"[<a class=""extiw"" href=""https://en.wikipedia.org/wiki/Arapaima_gigas"" title=""wikipedia:Arapaima gigas"">Arapaima gigas</a>, <br/>, <small>(arapaima)</small>]","<a class=""extiw"" href=""https://en.wikipedia.org/wiki/Arapaima_gigas"" title=""wikipedia:Arapaima gigas"">Arapaima gigas</a>",>Arapaima gigas</a>,Arapaima gigas
83,83,41,arowana,10000,River,,50,1–2,,,,,,4 PM – 9 AM,4 PM – 9 AM,4 PM – 9 AM,4 PM – 9 AM,,,,4 PM – 9 AM,4 PM – 9 AM,4 PM – 9 AM,,,,,,,,,4 PM – 9 AM,Yellow,Black,Fish33,FishArowana,FtrFishArowana,2250,F68AvCaqddBJL7ZSN,Large,No,2x1,Fluorescent,Arowana,Arowana,"[<a class=""extiw"" href=""https://en.wikipedia.org/wiki/Osteoglossinae"" title=""wikipedia:Osteoglossinae"">Osteoglossinae</a>, <br/>, <small>(modern arowanas)</small>]","<a class=""extiw"" href=""https://en.wikipedia.org/wiki/Osteoglossinae"" title=""wikipedia:Osteoglossinae"">Osteoglossinae</a>",>Osteoglossinae</a>,Osteoglossinae
84,84,58,barred knifejaw,5000,Sea,,20,3–5,,,All day,All day,All day,All day,All day,All day,All day,All day,All day,,All day,All day,All day,All day,All day,,,,All day,All day,All day,All day,White,Black,Fish47,FishIshidai,FtrFishIshidai,2265,X3R9SFSAaDzBF4fE3,Medium,No,1x1,Fluorescent,Barred_Knifejaw,Barred_Knifejaw,"[<a class=""extiw"" href=""https://en.wikipedia.org/wiki/Oplegnathus_fasciatus"" title=""wikipedia:Oplegnathus fasciatus"">Oplegnathus fasciatus</a>, <br/>, <small>(barred knifejaw)</small>]","<a class=""extiw"" href=""https://en.wikipedia.org/wiki/Oplegnathus_fasciatus"" title=""wikipedia:Oplegnathus fasciatus"">Oplegnathus fasciatus</a>",>Oplegnathus fasciatus</a>,Oplegnathus fasciatus
85,85,79,barreleye,15000,Sea,,100,1,9 PM – 4 AM,9 PM – 4 AM,9 PM – 4 AM,9 PM – 4 AM,9 PM – 4 AM,9 PM – 4 AM,9 PM – 4 AM,9 PM – 4 AM,9 PM – 4 AM,9 PM – 4 AM,9 PM – 4 AM,9 PM – 4 AM,9 PM – 4 AM,9 PM – 4 AM,9 PM – 4 AM,9 PM – 4 AM,9 PM – 4 AM,9 PM – 4 AM,9 PM – 4 AM,9 PM – 4 AM,9 PM – 4 AM,9 PM – 4 AM,9 PM – 4 AM,9 PM – 4 AM,Black,Black,Fish84,FishDemenigisu,FtrFishDemenigisu,4204,BpqTa4zmTjv3Nm4wE,Small,No,1x1,Fluorescent,Barreleye,Barreleye,"[<a class=""extiw"" href=""https://en.wikipedia.org/wiki/Macropinna_microstoma"" title=""wikipedia:Macropinna microstoma"">Macropinna microstoma</a>, <br/>, <small>(Pacific barreleye)</small>]","<a class=""extiw"" href=""https://en.wikipedia.org/wiki/Macropinna_microstoma"" title=""wikipedia:Macropinna microstoma"">Macropinna microstoma</a>",>Macropinna microstoma</a>,Macropinna microstoma
86,86,37,betta,2500,River,,20,1–4,,,,,9 AM – 4 PM,9 AM – 4 PM,9 AM – 4 PM,9 AM – 4 PM,9 AM – 4 PM,9 AM – 4 PM,,,9 AM – 4 PM,9 AM – 4 PM,9 AM – 4 PM,9 AM – 4 PM,,,,,,,9 AM – 4 PM,9 AM – 4 PM,Light blue,Black,Fish77,FishBeta,FtrFishBeta,4191,7QcQXzwZoNGiNA94k,Small,No,1x1,Fluorescent,Betta,Betta,['Betta splendens'],Betta splendens,Betta splendens,Betta splendens
87,87,1,bitterling,900,River,,0,12–17,All day,All day,All day,,,,,,,,All day,All day,,,,,All day,All day,All day,All day,All day,,,,Light blue,Blue,Fish0,FishTanago,FtrFishTanago,2215,Drj6eLRBgg4T9KhNx,X-Small,No,1x1,No lighting,Bitterling,Bitterling,"[<a class=""extiw"" href=""https://en.wikipedia.org/wiki/Acheilognathus_melanogaster"" title=""wikipedia:Acheilognathus melanogaster"">Acheilognathus melanogaster</a>, <br/>, <small>(Japanese bitterling)</small>]","<a class=""extiw"" href=""https://en.wikipedia.org/wiki/Acheilognathus_melanogaster"" title=""wikipedia:Acheilognathus melanogaster"">Acheilognathus melanogaster</a>",>Acheilognathus melanogaster</a>,Acheilognathus melanogaster
88,88,22,black bass,400,River,,0,4–12,All day,All day,All day,All day,All day,All day,All day,All day,All day,All day,All day,All day,All day,All day,All day,All day,All day,All day,All day,All day,All day,All day,All day,All day,Green,Black,Fish19,FishBlackbass,FtrFishBlackbass,2234,wAZvfTca7GyaTtLcQ,Large,No,1x1,Fluorescent,Black_Bass,Black_Bass,"[<a class=""extiw"" href=""https://en.wikipedia.org/wiki/Micropterus_salmoides"" title=""wikipedia:Micropterus salmoides"">Micropterus salmoides</a>, <br/>, <small>(largemouth bass)</small>]","<a class=""extiw"" href=""https://en.wikipedia.org/wiki/Micropterus_salmoides"" title=""wikipedia:Micropterus salmoides"">Micropterus salmoides</a>",>Micropterus salmoides</a>,Micropterus salmoides
89,89,54,blowfish,5000,Sea,,20,5,9 PM – 4 AM,9 PM – 4 AM,,,,,,,,,9 PM – 4 AM,9 PM – 4 AM,,,,,9 PM – 4 AM,9 PM – 4 AM,9 PM – 4 AM,9 PM – 4 AM,,,,,Beige,Black,Fish73,FishFugu,FtrFishFugu,2262,aDsmTcByApycafxTa,Medium,No,1x1,Fluorescent,Blowfish,Blowfish,['Tetraodontidae'],Tetraodontidae,Tetraodontidae,Tetraodontidae
90,90,67,blue marlin,10000,Pier,,50,1–2,All day,All day,All day,All day,,,All day,All day,All day,,All day,All day,All day,All day,All day,,All day,All day,All day,All day,All day,All day,,,Blue,Black,Fish58,FishKajiki,FtrFishKajiki,2275,jhtsYRHydAcZnd6bJ,XX-Large,Yes,2x1,Fluorescent,Blue_Marlin,Blue_Marlin,"[<a class=""extiw"" href=""https://en.wikipedia.org/wiki/Makaira_nigricans"" title=""wikipedia:Makaira nigricans"">Makaira nigricans</a>, <br/>, <small>(blue marlin)</small>]","<a class=""extiw"" href=""https://en.wikipedia.org/wiki/Makaira_nigricans"" title=""wikipedia:Makaira nigricans"">Makaira nigricans</a>",>Makaira nigricans</a>,Makaira nigricans
91,91,20,bluegill,180,River,,0,6–10,9 AM – 4 PM,9 AM – 4 PM,9 AM – 4 PM,9 AM – 4 PM,9 AM – 4 PM,9 AM – 4 PM,9 AM – 4 PM,9 AM – 4 PM,9 AM – 4 PM,9 AM – 4 PM,9 AM – 4 PM,9 AM – 4 PM,9 AM – 4 PM,9 AM – 4 PM,9 AM – 4 PM,9 AM – 4 PM,9 AM – 4 PM,9 AM – 4 PM,9 AM – 4 PM,9 AM – 4 PM,9 AM – 4 PM,9 AM – 4 PM,9 AM – 4 PM,9 AM – 4 PM,Blue,Black,Fish17,FishBlueguill,FtrFishBlueguill,2232,8ygccYFCrWf4hwYGR,Small,No,1x1,No lighting,Bluegill,Bluegill,"[<a class=""extiw"" href=""https://en.wikipedia.org/wiki/Lepomis_macrochirus"" title=""wikipedia:Lepomis macrochirus"">Lepomis macrochirus</a>, ' ', <small>(bluegill)</small>]","<a class=""extiw"" href=""https://en.wikipedia.org/wiki/Lepomis_macrochirus"" title=""wikipedia:Lepomis macrochirus"">Lepomis macrochirus</a>",>Lepomis macrochirus</a>,Lepomis macrochirus
92,92,51,butterfly fish,1000,Sea,,0,4–5,,,,All day,All day,All day,All day,All day,All day,,,,All day,All day,All day,,,,,,,All day,All day,All day,Yellow,Black,Fish42,FishChouchouuo,FtrFishChouchouuo,2259,S4rkio2M3WB5cyy8Y,Small,No,1x1,Fluorescent,Butterfly_Fish,Butterfly_Fish,"[<a class=""extiw"" href=""https://en.wikipedia.org/wiki/Chaetodon_auripes"" title=""wikipedia:Chaetodon auripes"">Chaetodon auripes</a>, <br/>, <small>(Oriental butterflyfish)</small>]","<a class=""extiw"" href=""https://en.wikipedia.org/wiki/Chaetodon_auripes"" title=""wikipedia:Chaetodon auripes"">Chaetodon auripes</a>",>Chaetodon auripes</a>,Chaetodon auripes
93,93,5,carp,300,Pond,,0,3–9,All day,All day,All day,All day,All day,All day,All day,All day,All day,All day,All day,All day,All day,All day,All day,All day,All day,All day,All day,All day,All day,All day,All day,All day,Gray,Black,Fish5,FishKoi,FtrFishKoi,2219,4DwwvGDwPQvZTn9Fb,Large,No,1x1,Fluorescent,Carp,Carp,"[<a class=""extiw"" href=""https://en.wikipedia.org/wiki/Cyprinus_carpio"" title=""wikipedia:Cyprinus carpio"">Cyprinus carpio</a>, <br/>, <small>(European carp)</small>]","<a class=""extiw"" href=""https://en.wikipedia.org/wiki/Cyprinus_carpio"" title=""wikipedia:Cyprinus carpio"">Cyprinus carpio</a>",>Cyprinus carpio</a>,Cyprinus carpio
94,94,18,catfish,800,Pond,,0,6–8,,,,,4 PM – 9 AM,4 PM – 9 AM,4 PM – 9 AM,4 PM – 9 AM,4 PM – 9 AM,4 PM – 9 AM,,,4 PM – 9 AM,4 PM – 9 AM,4 PM – 9 AM,4 PM – 9 AM,,,,,,,4 PM – 9 AM,4 PM – 9 AM,Black,Black,Fish14,FishNamazu,FtrFishNamazu,2229,nbPtvwf7HCQxA9Nc4,Large,No,1x1,Fluorescent,Catfish,Catfish,"[<a class=""extiw"" href=""https://en.wikipedia.org/wiki/Silurus_asotus"" title=""wikipedia:Silurus asotus"">Silurus asotus</a>, <br/>, <small>(Amur catfish)</small>]","<a class=""extiw"" href=""https://en.wikipedia.org/wiki/Silurus_asotus"" title=""wikipedia:Silurus asotus"">Silurus asotus</a>",>Silurus asotus</a>,Silurus asotus
95,95,28,char,3800,River (clifftop),,20,1–4,,,4 PM – 9 AM,4 PM – 9 AM,4 PM – 9 AM,4 PM – 9 AM,,,All day,All day,All day,,,,All day,All day,All day,,,,4 PM – 9 AM,4 PM – 9 AM,4 PM – 9 AM,4 PM – 9 AM,Brown,Black,Fish24,FishOoiwana,FtrFishOoiwana,2239,ahbnwCqp3EZXa96KC,Medium,No,1x1,Fluorescent,Char,Char,"[<a class=""extiw"" href=""https://en.wikipedia.org/wiki/Salvelinus_leucomaenis"" title=""wikipedia:Salvelinus leucomaenis"">Salvelinus leucomaenis</a>, <br/>, <small>(white-spotted char)</small>]","<a class=""extiw"" href=""https://en.wikipedia.org/wiki/Salvelinus_leucomaenis"" title=""wikipedia:Salvelinus leucomaenis"">Salvelinus leucomaenis</a>",>Salvelinus leucomaenis</a>,Salvelinus leucomaenis
96,96,27,cherry salmon,1000,River (clifftop),,0,3–9,,,4 PM – 9 AM,4 PM – 9 AM,4 PM – 9 AM,4 PM – 9 AM,,,All day,All day,All day,,,,All day,All day,All day,,,,4 PM – 9 AM,4 PM – 9 AM,4 PM – 9 AM,4 PM – 9 AM,Brown,Black,Fish23,FishYamame,FtrFishYamame,2238,sJyBbeLbpzn7LyzFr,Medium,No,1x1,Fluorescent,Cherry_Salmon,Cherry_Salmon,"[<a class=""extiw"" href=""https://en.wikipedia.org/wiki/Oncorhynchus_masou"" title=""wikipedia:Oncorhynchus masou"">Oncorhynchus masou</a>, <br/>, <small>(cherry salmon)</small>]","<a class=""extiw"" href=""https://en.wikipedia.org/wiki/Oncorhynchus_masou"" title=""wikipedia:Oncorhynchus masou"">Oncorhynchus masou</a>",>Oncorhynchus masou</a>,Oncorhynchus masou
97,97,49,clown fish,650,Sea,,0,5–6,,,,All day,All day,All day,All day,All day,All day,,,,All day,All day,All day,,,,,,,All day,All day,All day,Orange,Black,Fish40,FishKumanomi,FtrFishKumanomi,2257,L9qxZaMoBhwxvpMyh,X-Small,No,1x1,Fluorescent,Clown_Fish,Clown_Fish,"[<a class=""extiw"" href=""https://en.wikipedia.org/wiki/Amphiprion_ocellaris"" title=""wikipedia:Amphiprion ocellaris"">Amphiprion ocellaris</a>, <br/>, <small>(ocellaris clownfish)</small>]","<a class=""extiw"" href=""https://en.wikipedia.org/wiki/Amphiprion_ocellaris"" title=""wikipedia:Amphiprion ocellaris"">Amphiprion ocellaris</a>",>Amphiprion ocellaris</a>,Amphiprion ocellaris
98,98,80,coelacanth,15000,Sea (rainy days),,100,1–2,All day,All day,All day,All day,All day,All day,All day,All day,All day,All day,All day,All day,All day,All day,All day,All day,All day,All day,All day,All day,All day,All day,All day,All day,Black,Black,Fish63,FishSirakansu,FtrFishSirakansu,2284,NjMZQ6Xi9NswEXnHH,XX-Large,Yes,2x1,Fluorescent,Coelacanth,Coelacanth,"[<a class=""extiw"" href=""https://en.wikipedia.org/wiki/Latimeria_chalumnae"" title=""wikipedia:Latimeria chalumnae"">Latimeria chalumnae</a>, <br/>, <small>(West Indian Ocean coelacanth)</small>]","<a class=""extiw"" href=""https://en.wikipedia.org/wiki/Latimeria_chalumnae"" title=""wikipedia:Latimeria chalumnae"">Latimeria chalumnae</a>",>Latimeria chalumnae</a>,Latimeria chalumnae
99,99,11,crawfish,200,Pond,,0,4–12,,,,All day,All day,All day,All day,All day,All day,,,,All day,All day,All day,,,,,,,All day,All day,All day,Red,Black,Fish10,FishZarigani,FtrFishZarigani,2223,W7TrwpycmfgniZipi,Small,No,1x1,Fluorescent,Crawfish,Crawfish,"[<a class=""extiw"" href=""https://en.wikipedia.org/wiki/Procambarus_clarkii"" title=""wikipedia:Procambarus clarkii"">Procambarus clarkii</a>, <br/>, <small>(red swamp crawfish)</small>]","<a class=""extiw"" href=""https://en.wikipedia.org/wiki/Procambarus_clarkii"" title=""wikipedia:Procambarus clarkii"">Procambarus clarkii</a>",>Procambarus clarkii</a>,Procambarus clarkii
100,100,3,crucian carp,160,River,,0,4–12,All day,All day,All day,All day,All day,All day,All day,All day,All day,All day,All day,All day,All day,All day,All day,All day,All day,All day,All day,All day,All day,All day,All day,All day,Brown,Black,Fish2,FishFuna,FtrFishFuna,328,Pdw7vmJz9PRM4ggbf,Small,No,1x1,Fluorescent,Crucian_Carp,Crucian_Carp,"[<a class=""extiw"" href=""https://en.wikipedia.org/wiki/Carassius_langsdorfii"" title=""wikipedia:Carassius langsdorfii"">Carassius langsdorfii</a>, <br/>, <small>(Japanese silver crucian carp)</small>]","<a class=""extiw"" href=""https://en.wikipedia.org/wiki/Carassius_langsdorfii"" title=""wikipedia:Carassius langsdorfii"">Carassius langsdorfii</a>",>Carassius langsdorfii</a>,Carassius langsdorfii
101,101,61,dab,300,Sea,,0,11–14,All day,All day,All day,All day,,,,,,All day,All day,All day,,,,All day,All day,All day,All day,All day,All day,All day,,,Brown,Black,Fish50,FishKarei,FtrFishKarei,2268,noA2Kfp8TaFgaLs5n,Medium,No,1x1,Fluorescent,Dab,Dab,"[<a class=""extiw"" href=""https://en.wikipedia.org/wiki/Limanda_limanda"" title=""wikipedia:Limanda limanda"">Limanda limanda</a>, <br/>, <small>(sand dab)</small>]","<a class=""extiw"" href=""https://en.wikipedia.org/wiki/Limanda_limanda"" title=""wikipedia:Limanda limanda"">Limanda limanda</a>",>Limanda limanda</a>,Limanda limanda
102,102,4,dace,240,River,,0,3–10,4 PM – 9 AM,4 PM – 9 AM,4 PM – 9 AM,4 PM – 9 AM,4 PM – 9 AM,4 PM – 9 AM,4 PM – 9 AM,4 PM – 9 AM,4 PM – 9 AM,4 PM – 9 AM,4 PM – 9 AM,4 PM – 9 AM,4 PM – 9 AM,4 PM – 9 AM,4 PM – 9 AM,4 PM – 9 AM,4 PM – 9 AM,4 PM – 9 AM,4 PM – 9 AM,4 PM – 9 AM,4 PM – 9 AM,4 PM – 9 AM,4 PM – 9 AM,4 PM – 9 AM,Brown,Black,Fish3,FishUgui,FtrFishUgui,2217,dWmXFdnjByWT5nEok,Medium,No,1x1,Fluorescent,Dace,Dace,"[<a class=""extiw"" href=""https://en.wikipedia.org/wiki/Tribolodon_hakonensis"" title=""wikipedia:Tribolodon hakonensis"">Tribolodon hakonensis</a>, <br/>, <small>(Japanese redfin dace)</small>]","<a class=""extiw"" href=""https://en.wikipedia.org/wiki/Tribolodon_hakonensis"" title=""wikipedia:Tribolodon hakonensis"">Tribolodon hakonensis</a>",>Tribolodon hakonensis</a>,Tribolodon hakonensis
103,103,42,dorado,15000,River,,100,1–2,,,,,,4 AM – 9 PM,4 AM – 9 PM,4 AM – 9 PM,4 AM – 9 PM,,,,4 AM – 9 PM,4 AM – 9 PM,4 AM – 9 PM,,,,,,,,,4 AM – 9 PM,Yellow,Black,Fish34,FishDolado,FtrFishDolado,2251,G7ZwD67cRMHBwTSKH,X-Large,No,2x1,Fluorescent,Dorado,Dorado,"[<a class=""extiw"" href=""https://en.wikipedia.org/wiki/Salminus_brasiliensis"" title=""wikipedia:Salminus brasiliensis"">Salminus brasiliensis</a>, <br/>, <small>(golden dorado)</small>]","<a class=""extiw"" href=""https://en.wikipedia.org/wiki/Salminus_brasiliensis"" title=""wikipedia:Salminus brasiliensis"">Salminus brasiliensis</a>",>Salminus brasiliensis</a>,Salminus brasiliensis
104,104,77,football fish,2500,Sea,,20,6,4 PM – 9 AM,4 PM – 9 AM,4 PM – 9 AM,,,,,,,,4 PM – 9 AM,4 PM – 9 AM,,,,,4 PM – 9 AM,4 PM – 9 AM,4 PM – 9 AM,4 PM – 9 AM,4 PM – 9 AM,,,,Black,Black,Fish56,FishChouchinankou,FtrFishChouchinankou,2273,vQHfve6DygtcYqwdi,Large,No,2x1,Emission,Football_Fish,Football_Fish,"[<a class=""extiw"" href=""https://en.wikipedia.org/wiki/Himantolophus_groenlandicus"" title=""wikipedia:Himantolophus groenlandicus"">Himantolophus groenlandicus</a>, <br/>, <small>(Atlantic footballfish)</small>]","<a class=""extiw"" href=""https://en.wikipedia.org/wiki/Himantolophus_groenlandicus"" title=""wikipedia:Himantolophus groenlandicus"">Himantolophus groenlandicus</a>",>Himantolophus groenlandicus</a>,Himantolophus groenlandicus
105,105,16,freshwater goby,400,River,,0,2–5,4 PM – 9 AM,4 PM – 9 AM,4 PM – 9 AM,4 PM – 9 AM,4 PM – 9 AM,4 PM – 9 AM,4 PM – 9 AM,4 PM – 9 AM,4 PM – 9 AM,4 PM – 9 AM,4 PM – 9 AM,4 PM – 9 AM,4 PM – 9 AM,4 PM – 9 AM,4 PM – 9 AM,4 PM – 9 AM,4 PM – 9 AM,4 PM – 9 AM,4 PM – 9 AM,4 PM – 9 AM,4 PM – 9 AM,4 PM – 9 AM,4 PM – 9 AM,4 PM – 9 AM,Brown,Black,Fish12,FishDonko,FtrFishDonko,2227,SfXYNdtaid6hdQhvZ,Small,No,1x1,Fluorescent,Freshwater_Goby,Freshwater_Goby,"[<a class=""extiw"" href=""https://en.wikipedia.org/wiki/Odontobutis_obscura"" title=""wikipedia:Odontobutis obscura"">Odontobutis obscura</a>, <br/>, <small>(dark sleeper)</small>]","<a class=""extiw"" href=""https://en.wikipedia.org/wiki/Odontobutis_obscura"" title=""wikipedia:Odontobutis obscura"">Odontobutis obscura</a>",>Odontobutis obscura</a>,Odontobutis obscura
106,106,15,frog,120,Pond,,0,7–9,,,,,All day,All day,All day,All day,,,,,All day,All day,,,,,,,,,All day,All day,Green,Black,Fish11,FishKaeru,FtrFishKaeru,2226,LcQLs85qPPdLajLje,Small,No,1x1,Fluorescent,Frog_(fish),Frog_(fish),"[<a class=""extiw"" href=""https://en.wikipedia.org/wiki/Hyla_japonica"" title=""wikipedia:Hyla japonica"">Hyla japonica</a>, <br/>, <small>(Japanese tree frog)</small>]","<a class=""extiw"" href=""https://en.wikipedia.org/wiki/Hyla_japonica"" title=""wikipedia:Hyla japonica"">Hyla japonica</a>",>Hyla japonica</a>,Hyla japonica
107,107,43,gar,6000,Pond,,50,1–2,,,,,,4 PM – 9 AM,4 PM – 9 AM,4 PM – 9 AM,4 PM – 9 AM,,,,4 PM – 9 AM,4 PM – 9 AM,4 PM – 9 AM,,,,,,,,,4 PM – 9 AM,Brown,Black,Fish35,FishGa,FtrFishGa,2252,x5yAYQgMJW9Kf7WyM,X-Large,No,2x1,Fluorescent,Gar,Gar,"[<a class=""extiw"" href=""https://en.wikipedia.org/wiki/Atractosteus_spatula"" title=""wikipedia:Atractosteus spatula"">Atractosteus spatula</a>, <br/>, <small>(alligator gar)</small>]","<a class=""extiw"" href=""https://en.wikipedia.org/wiki/Atractosteus_spatula"" title=""wikipedia:Atractosteus spatula"">Atractosteus spatula</a>",>Atractosteus spatula</a>,Atractosteus spatula
108,108,19,giant snakehead,5500,Pond,,50,2,,,,,,9 AM – 4 PM,9 AM – 4 PM,9 AM – 4 PM,,,,,9 AM – 4 PM,9 AM – 4 PM,,,,,,,,,,9 AM – 4 PM,Black,Black,Fish16,FishRaigyo,FtrFishRaigyo,2231,KyWQRd8W2FePM42wB,Large,No,2x1,Fluorescent,Giant_Snakehead,Giant_Snakehead,"[<a class=""extiw"" href=""https://en.wikipedia.org/wiki/Channa_micropeltes"" title=""wikipedia:Channa micropeltes"">Channa micropeltes</a>, <br/>, <small>(giant snakehead)</small>]","<a class=""extiw"" href=""https://en.wikipedia.org/wiki/Channa_micropeltes"" title=""wikipedia:Channa micropeltes"">Channa micropeltes</a>",>Channa micropeltes</a>,Channa micropeltes
109,109,68,giant trevally,4500,Pier,,20,1,,,,,All day,All day,All day,All day,All day,All day,,,All day,All day,All day,All day,,,,,,,All day,All day,Black,Black,Fish70,FishRouninaji,FtrFishGT,2276,53qtm8cMH4RfqJiAH,X-Large,No,2x1,Fluorescent,Giant_Trevally,Giant_Trevally,"[<a class=""extiw"" href=""https://en.wikipedia.org/wiki/Caranx_ignobilis"" title=""wikipedia:Caranx ignobilis"">Caranx ignobilis</a>, <br/>, <small>(giant trevally)</small>]","<a class=""extiw"" href=""https://en.wikipedia.org/wiki/Caranx_ignobilis"" title=""wikipedia:Caranx ignobilis"">Caranx ignobilis</a>",>Caranx ignobilis</a>,Caranx ignobilis
110,110,29,golden trout,15000,River (clifftop),,100,1,,,4 PM – 9 AM,4 PM – 9 AM,4 PM – 9 AM,,,,4 PM – 9 AM,4 PM – 9 AM,4 PM – 9 AM,,,,4 PM – 9 AM,4 PM – 9 AM,4 PM – 9 AM,,,,4 PM – 9 AM,4 PM – 9 AM,4 PM – 9 AM,,Brown,Black,Fish79,FishGoldenTorauto,FtrFishGoldenTorauto,4193,wwGzR7FzWNJ7cDz9X,Medium,No,1x1,Fluorescent,Golden_Trout,Golden_Trout,"[<a class=""extiw"" href=""https://en.wikipedia.org/wiki/Oncorhynchus_aguabonita"" title=""wikipedia:Oncorhynchus aguabonita"">Oncorhynchus aguabonita</a>, <br/>, <small>(golden trout)</small>]","<a class=""extiw"" href=""https://en.wikipedia.org/wiki/Oncorhynchus_aguabonita"" title=""wikipedia:Oncorhynchus aguabonita"">Oncorhynchus aguabonita</a>",>Oncorhynchus aguabonita</a>,Oncorhynchus aguabonita
111,111,7,goldfish,1300,Pond,,0,1–4,All day,All day,All day,All day,All day,All day,All day,All day,All day,All day,All day,All day,All day,All day,All day,All day,All day,All day,All day,All day,All day,All day,All day,All day,Red,Light blue,Fish7,FishKingyo,FtrFishKingyo,329,5NwmwhEQxBNZCPiBR,X-Small,No,1x1,No lighting,Goldfish,Goldfish,"[<a class=""extiw"" href=""https://en.wikipedia.org/wiki/Carassius_auratus"" title=""wikipedia:Carassius auratus"">Carassius auratus</a>, <br/>, <small>(goldfish)</small>]","<a class=""extiw"" href=""https://en.wikipedia.org/wiki/Carassius_auratus"" title=""wikipedia:Carassius auratus"">Carassius auratus</a>",>Carassius auratus</a>,Carassius auratus
112,112,74,great white shark,15000,Sea,,50,2,,,,,,4 PM – 9 AM,4 PM – 9 AM,4 PM – 9 AM,4 PM – 9 AM,,,,4 PM – 9 AM,4 PM – 9 AM,4 PM – 9 AM,,,,,,,,,4 PM – 9 AM,Blue,Blue,Fish62,FishSame,FtrFishSame,2280,EPypAeJGuTDGFJRnx,Large w/Fin,Yes,3x2,No lighting,Great_White_Shark,Great_White_Shark,"[<a class=""extiw"" href=""https://en.wikipedia.org/wiki/Carcharodon_carcharias"" title=""wikipedia:Carcharodon carcharias"">Carcharodon carcharias</a>, <br/>, <small>(great white shark)</small>]","<a class=""extiw"" href=""https://en.wikipedia.org/wiki/Carcharodon_carcharias"" title=""wikipedia:Carcharodon carcharias"">Carcharodon carcharias</a>",>Carcharodon carcharias</a>,Carcharodon carcharias
113,113,34,guppy,1300,River,,0,2–3,,,,9 AM – 4 PM,9 AM – 4 PM,9 AM – 4 PM,9 AM – 4 PM,9 AM – 4 PM,9 AM – 4 PM,9 AM – 4 PM,9 AM – 4 PM,,9 AM – 4 PM,9 AM – 4 PM,9 AM – 4 PM,9 AM – 4 PM,9 AM – 4 PM,,,,,9 AM – 4 PM,9 AM – 4 PM,9 AM – 4 PM,Blue,Black,Fish29,FishGuppi,FtrFishGuppi,2245,WtdZnARNxnWRobej2,X-Small,No,1x1,Fluorescent,Guppy,Guppy,"[<a class=""extiw"" href=""https://en.wikipedia.org/wiki/Poecilia_reticulata"" title=""wikipedia:Poecilia reticulata"">Poecilia reticulata</a>, <br/>, <small>(guppy)</small>]","<a class=""extiw"" href=""https://en.wikipedia.org/wiki/Poecilia_reticulata"" title=""wikipedia:Poecilia reticulata"">Poecilia reticulata</a>",>Poecilia reticulata</a>,Poecilia reticulata
114,114,73,hammerhead shark,8000,Sea,,20,1,,,,,,4 PM – 9 AM,4 PM – 9 AM,4 PM – 9 AM,4 PM – 9 AM,,,,4 PM – 9 AM,4 PM – 9 AM,4 PM – 9 AM,,,,,,,,,4 PM – 9 AM,Black,Black,Fish61,FishShumokuzame,FtrFishShumokuzame,2279,guHT5g6H7tJEyqYzf,Large w/Fin,Yes,2x1,Fluorescent,Hammerhead_Shark,Hammerhead_Shark,"[<a class=""extiw"" href=""https://en.wikipedia.org/wiki/Sphyrna_lewini"" title=""wikipedia:Sphyrna lewini"">Sphyrna lewini</a>, <br/>, <small>(scalloped hammerhead shark)</small>]","<a class=""extiw"" href=""https://en.wikipedia.org/wiki/Sphyrna_lewini"" title=""wikipedia:Sphyrna lewini"">Sphyrna lewini</a>",>Sphyrna lewini</a>,Sphyrna lewini
115,115,57,horse mackerel,150,Sea,,0,14–21,All day,All day,All day,All day,All day,All day,All day,All day,All day,All day,All day,All day,All day,All day,All day,All day,All day,All day,All day,All day,All day,All day,All day,All day,Blue,Black,Fish46,FishAji,FtrFishAji,2264,L24RYPaEcm9ZXkTui,Small,No,1x1,Fluorescent,Horse_Mackerel,Horse_Mackerel,"[<a class=""extiw"" href=""https://en.wikipedia.org/wiki/Trachurus_japonicus"" title=""wikipedia:Trachurus japonicus"">Trachurus japonicus</a>, <br/>, <small>(Japanese horse mackerel)</small>]","<a class=""extiw"" href=""https://en.wikipedia.org/wiki/Trachurus_japonicus"" title=""wikipedia:Trachurus japonicus"">Trachurus japonicus</a>",>Trachurus japonicus</a>,Trachurus japonicus
116,116,10,killifish,300,Pond,,0,3–4,,,,All day,All day,All day,All day,All day,,,,,All day,All day,,,,,,,,All day,All day,All day,Yellow,Black,Fish9,FishMedaka,FtrFishMedaka,2222,ZR9dsEApEXCjtXu3k,X-Small,No,1x1,Fluorescent,Killifish,Killifish,"[<a class=""extiw"" href=""https://en.wikipedia.org/wiki/Oryzias_latipes"" title=""wikipedia:Oryzias latipes"">Oryzias latipes</a>, <br/>, <small>(Japanese ricefish)</small>]","<a class=""extiw"" href=""https://en.wikipedia.org/wiki/Oryzias_latipes"" title=""wikipedia:Oryzias latipes"">Oryzias latipes</a>",>Oryzias latipes</a>,Oryzias latipes
117,117,32,king salmon,1800,River (mouth),,20,5,,,,,,,,,All day,,,,,,All day,,,,,,,,,,Gray,Black,Fish28,FishKingsalmon,FtrFishKingsalmon,2243,Pf5cXKo8pzdB45rAA,X-Large,No,2x1,Fluorescent,King_Salmon,King_Salmon,"[<a class=""extiw"" href=""https://en.wikipedia.org/wiki/Oncorhynchus_tshawytscha"" title=""wikipedia:Oncorhynchus tshawytscha"">Oncorhynchus tshawytscha</a>, <br/>, <small>(king salmon)</small>]","<a class=""extiw"" href=""https://en.wikipedia.org/wiki/Oncorhynchus_tshawytscha"" title=""wikipedia:Oncorhynchus tshawytscha"">Oncorhynchus tshawytscha</a>",>Oncorhynchus tshawytscha</a>,Oncorhynchus tshawytscha
118,118,6,koi,4000,Pond,,20,1–4,4 PM – 9 AM,4 PM – 9 AM,4 PM – 9 AM,4 PM – 9 AM,4 PM – 9 AM,4 PM – 9 AM,4 PM – 9 AM,4 PM – 9 AM,4 PM – 9 AM,4 PM – 9 AM,4 PM – 9 AM,4 PM – 9 AM,4 PM – 9 AM,4 PM – 9 AM,4 PM – 9 AM,4 PM – 9 AM,4 PM – 9 AM,4 PM – 9 AM,4 PM – 9 AM,4 PM – 9 AM,4 PM – 9 AM,4 PM – 9 AM,4 PM – 9 AM,4 PM – 9 AM,Red,White,Fish6,FishNishikigoi,FtrFishNishikigoi,2220,kNwjLeqjg8bFevfiG,Large,No,1x1,Fluorescent,Koi,Koi,"[<a class=""extiw"" href=""https://en.wikipedia.org/wiki/Cyprinus_rubrofuscus"" title=""wikipedia:Cyprinus rubrofuscus"">Cyprinus rubrofuscus</a>, <br/>, <small>(Amur carp)</small>]","<a class=""extiw"" href=""https://en.wikipedia.org/wiki/Cyprinus_rubrofuscus"" title=""wikipedia:Cyprinus rubrofuscus"">Cyprinus rubrofuscus</a>",>Cyprinus rubrofuscus</a>,Cyprinus rubrofuscus
119,119,17,loach,400,River,,0,12–16,,,All day,All day,All day,,,,,,,,,,,,,,,,All day,All day,All day,,Brown,Blue,Fish13,FishDojou,FtrFishDojou,2228,95yBKrQ4tdyWj4H25,Small,No,1x1,No lighting,Loach,Loach,"[<a class=""extiw"" href=""https://en.wikipedia.org/wiki/Misgurnus_anguillicaudatus"" title=""wikipedia:Misgurnus anguillicaudatus"">Misgurnus anguillicaudatus</a>, <br/>, <small>(pond loach)</small>]","<a class=""extiw"" href=""https://en.wikipedia.org/wiki/Misgurnus_anguillicaudatus"" title=""wikipedia:Misgurnus anguillicaudatus"">Misgurnus anguillicaudatus</a>",>Misgurnus anguillicaudatus</a>,Misgurnus anguillicaudatus
120,120,69,mahi-mahi,6000,Pier,,50,1,,,,,All day,All day,All day,All day,All day,All day,,,All day,All day,All day,All day,,,,,,,All day,All day,Yellow,Black,Fish82,FishShiira,FtrFishShiira,4202,D7gY39QDo8BBNs2Ne,X-Large,Yes,2x1,Fluorescent,Mahi-Mahi,Mahi-Mahi,"[<a class=""extiw"" href=""https://en.wikipedia.org/wiki/Coryphaena_hippurus"" title=""wikipedia:Coryphaena hippurus"">Coryphaena hippurus</a>, <br/>, <small>(mahi-mahi)</small>]","<a class=""extiw"" href=""https://en.wikipedia.org/wiki/Coryphaena_hippurus"" title=""wikipedia:Coryphaena hippurus"">Coryphaena hippurus</a>",>Coryphaena hippurus</a>,Coryphaena hippurus
121,121,33,mitten crab,2000,River,,20,3–5,,,,,,,,,4 PM – 9 AM,4 PM – 9 AM,4 PM – 9 AM,,,,4 PM – 9 AM,4 PM – 9 AM,4 PM – 9 AM,,,,,,,,Black,Blue,Fish66,FishSyanhaigani,FtrFishShanghai,2244,s2jqSYbMWBX6qCLDm,Small,No,1x1,No lighting,Mitten_Crab,Mitten_Crab,"[<a class=""extiw"" href=""https://en.wikipedia.org/wiki/Eriocheir_sinensis"" title=""wikipedia:Eriocheir sinensis"">Eriocheir sinensis</a>, <br/>, <small>(Chinese mitten crab)</small>]","<a class=""extiw"" href=""https://en.wikipedia.org/wiki/Eriocheir_sinensis"" title=""wikipedia:Eriocheir sinensis"">Eriocheir sinensis</a>",>Eriocheir sinensis</a>,Eriocheir sinensis
122,122,64,moray eel,2000,Sea,,20,2,,,,,,,,All day,All day,All day,,,,All day,All day,All day,,,,,,,,,Brown,Black,Fish55,FishUtsubo,FtrFishUtsubo,2271,4nLynLTMRtoqcCfh4,Long,No,2x1,Fluorescent,Moray_Eel,Moray_Eel,"[<a class=""extiw"" href=""https://en.wikipedia.org/wiki/Gymnothorax_kidako"" title=""wikipedia:Gymnothorax kidako"">Gymnothorax kidako</a>, <br/>, <small>(kidako moray)</small>]","<a class=""extiw"" href=""https://en.wikipedia.org/wiki/Gymnothorax_kidako"" title=""wikipedia:Gymnothorax kidako"">Gymnothorax kidako</a>",>Gymnothorax kidako</a>,Gymnothorax kidako
123,123,52,Napoleonfish,10000,Sea,,50,1,,,,,,,4 AM – 9 PM,4 AM – 9 PM,,,,,4 AM – 9 PM,4 AM – 9 PM,,,,,,,,,,,Light blue,Black,Fish43,FishNaporeonfish,FtrFishNaporeonfish,2260,dm4THC3AYR6CZ8bvJ,XX-Large,Yes,2x1,Fluorescent,Napoleonfish,Napoleonfish,"[<a class=""extiw"" href=""https://en.wikipedia.org/wiki/Cheilinus_undulatus"" title=""wikipedia:Cheilinus undulatus"">Cheilinus undulatus</a>, <br/>, <small>(Napoleonfish)</small>]","<a class=""extiw"" href=""https://en.wikipedia.org/wiki/Cheilinus_undulatus"" title=""wikipedia:Cheilinus undulatus"">Cheilinus undulatus</a>",>Cheilinus undulatus</a>,Cheilinus undulatus
124,124,38,neon tetra,500,River,,0,2–3,,,,9 AM – 4 PM,9 AM – 4 PM,9 AM – 4 PM,9 AM – 4 PM,9 AM – 4 PM,9 AM – 4 PM,9 AM – 4 PM,9 AM – 4 PM,,9 AM – 4 PM,9 AM – 4 PM,9 AM – 4 PM,9 AM – 4 PM,9 AM – 4 PM,,,,,9 AM – 4 PM,9 AM – 4 PM,9 AM – 4 PM,Light blue,Black,Fish31,FishNeontetora,FtrFishNeontetora,2248,aEyRb96wcz9m8yjFN,X-Small,No,1x1,Fluorescent,Neon_Tetra,Neon_Tetra,"[<a class=""extiw"" href=""https://en.wikipedia.org/wiki/Paracheirodon_innesi"" title=""wikipedia:Paracheirodon innesi"">Paracheirodon innesi</a>, <br/>, <small>(neon tetra)</small>]","<a class=""extiw"" href=""https://en.wikipedia.org/wiki/Paracheirodon_innesi"" title=""wikipedia:Paracheirodon innesi"">Paracheirodon innesi</a>",>Paracheirodon innesi</a>,Paracheirodon innesi
125,125,35,nibble fish,1500,River,,20,2,,,,,9 AM – 4 PM,9 AM – 4 PM,9 AM – 4 PM,9 AM – 4 PM,9 AM – 4 PM,,,,9 AM – 4 PM,9 AM – 4 PM,9 AM – 4 PM,,,,,,,,9 AM – 4 PM,9 AM – 4 PM,Brown,Blue,Fish67,FishDokutaafish,FtrFishDoctor,2246,pkPKYsMiXsTWNz4L4,X-Small,No,1x1,No lighting,Nibble_Fish,Nibble_Fish,"[<a class=""extiw"" href=""https://en.wikipedia.org/wiki/Garra_rufa"" title=""wikipedia:Garra rufa"">Garra rufa</a>, <br/>, <small>(doctor fish)</small>]","<a class=""extiw"" href=""https://en.wikipedia.org/wiki/Garra_rufa"" title=""wikipedia:Garra rufa"">Garra rufa</a>",>Garra rufa</a>,Garra rufa
126,126,78,oarfish,9000,Sea,,50,1,All day,All day,All day,All day,All day,,,,,,,All day,,,,,,All day,All day,All day,All day,All day,All day,,Red,Blue,Fish69,FishRyuuguunotukai,FtrFishRyugu,2283,qgvEPGk759xaBqwXP,XX-Large,Yes,3x2,No lighting,Oarfish,Oarfish,"[<a class=""extiw"" href=""https://en.wikipedia.org/wiki/Regalecus_glesne"" title=""wikipedia:Regalecus glesne"">Regalecus glesne</a>, <br/>, <small>(oarfish)</small>]","<a class=""extiw"" href=""https://en.wikipedia.org/wiki/Regalecus_glesne"" title=""wikipedia:Regalecus glesne"">Regalecus glesne</a>",>Regalecus glesne</a>,Regalecus glesne
127,127,70,ocean sunfish,4000,Sea,,20,1,,,,,,,4 AM – 9 PM,4 AM – 9 PM,4 AM – 9 PM,,,,4 AM – 9 PM,4 AM – 9 PM,4 AM – 9 PM,,,,,,,,,,Blue,Orange,Fish60,FishManbou,FtrFishManbou,2278,6BwK6LHbjFAKzgE82,Large w/Fin,Yes,2x2,No lighting,Ocean_Sunfish,Ocean_Sunfish,"[<a class=""extiw"" href=""https://en.wikipedia.org/wiki/Mola_mola"" title=""wikipedia:Mola mola"">Mola mola</a>, <br/>, <small>(common ocean sunfish)</small>]","<a class=""extiw"" href=""https://en.wikipedia.org/wiki/Mola_mola"" title=""wikipedia:Mola mola"">Mola mola</a>",>Mola mola</a>,Mola mola
128,128,62,olive flounder,800,Sea,,0,4–6,All day,All day,All day,All day,All day,All day,All day,All day,All day,All day,All day,All day,All day,All day,All day,All day,All day,All day,All day,All day,All day,All day,All day,All day,Beige,Black,Fish51,FishHirame,FtrFishHirame,2269,TXSteKMHuQ9ZfqPXm,X-Large,No,2x1,Fluorescent,Olive_Flounder,Olive_Flounder,"[<a class=""extiw"" href=""https://en.wikipedia.org/wiki/Paralichthys_olivaceus"" title=""wikipedia:Paralichthys olivaceus"">Paralichthys olivaceus</a>, <br/>, <small>(olive flounder)</small>]","<a class=""extiw"" href=""https://en.wikipedia.org/wiki/Paralichthys_olivaceus"" title=""wikipedia:Paralichthys olivaceus"">Paralichthys olivaceus</a>",>Paralichthys olivaceus</a>,Paralichthys olivaceus
129,129,2,pale chub,200,River,,0,6–9,9 AM – 4 PM,9 AM – 4 PM,9 AM – 4 PM,9 AM – 4 PM,9 AM – 4 PM,9 AM – 4 PM,9 AM – 4 PM,9 AM – 4 PM,9 AM – 4 PM,9 AM – 4 PM,9 AM – 4 PM,9 AM – 4 PM,9 AM – 4 PM,9 AM – 4 PM,9 AM – 4 PM,9 AM – 4 PM,9 AM – 4 PM,9 AM – 4 PM,9 AM – 4 PM,9 AM – 4 PM,9 AM – 4 PM,9 AM – 4 PM,9 AM – 4 PM,9 AM – 4 PM,Blue,Blue,Fish1,FishOikawa,FtrFishOikawa,2216,pCn9TLap3rWiLYfnF,X-Small,No,1x1,No lighting,Pale_Chub,Pale_Chub,"[<a class=""extiw"" href=""https://en.wikipedia.org/wiki/Zacco_platypus"" title=""wikipedia:Zacco platypus"">Zacco platypus</a>, <br/>, <small>(pale chub)</small>]","<a class=""extiw"" href=""https://en.wikipedia.org/wiki/Zacco_platypus"" title=""wikipedia:Zacco platypus"">Zacco platypus</a>",>Zacco platypus</a>,Zacco platypus
130,130,24,pike,1800,River,,20,1–2,,,,,,,,,All day,All day,All day,All day,,,All day,All day,All day,All day,,,,,,,Green,Black,Fish20,FishPaiku,FtrFishPaiku,2235,XxrB6iKQPhBkYKaXD,X-Large,No,2x1,Fluorescent,Pike,Pike,"[<a class=""extiw"" href=""https://en.wikipedia.org/wiki/Esox_lucius"" title=""wikipedia:Esox lucius"">Esox lucius</a>, <br/>, <small>(northern pike)</small>]","<a class=""extiw"" href=""https://en.wikipedia.org/wiki/Esox_lucius"" title=""wikipedia:Esox lucius"">Esox lucius</a>",>Esox lucius</a>,Esox lucius
131,131,40,piranha,2500,River,,20,1–3,,,,,,9 AM – 4 PM; 9 PM – 4 AM,9 AM – 4 PM; 9 PM – 4 AM,9 AM – 4 PM; 9 PM – 4 AM,9 AM – 4 PM; 9 PM – 4 AM,,,,9 AM – 4 PM; 9 PM – 4 AM,9 AM – 4 PM; 9 PM – 4 AM,9 AM – 4 PM; 9 PM – 4 AM,,,,,,,,,9 AM – 4 PM; 9 PM – 4 AM,Green,Black,Fish32,FishPirania,FtrFishPirania,2249,5C59HAFxmwNSjH4Zq,Small,No,1x1,Fluorescent,Piranha,Piranha,"[<a class=""extiw"" href=""https://en.wikipedia.org/wiki/Pygocentrus_nattereri"" title=""wikipedia:Pygocentrus nattereri"">Pygocentrus nattereri</a>, <br/>, <small>(red-bellied piranha)</small>]","<a class=""extiw"" href=""https://en.wikipedia.org/wiki/Pygocentrus_nattereri"" title=""wikipedia:Pygocentrus nattereri"">Pygocentrus nattereri</a>",>Pygocentrus nattereri</a>,Pygocentrus nattereri
132,132,25,pond smelt,400,River,,0,18–20,All day,All day,,,,,,,,,,All day,,,,,,All day,All day,All day,,,,,Orange,Blue,Fish21,FishWakasagi,FtrFishWakasagi,2236,DDb2GPEjapPmbYbWG,Small,No,1x1,No lighting,Pond_Smelt,Pond_Smelt,"[<a class=""extiw"" href=""https://en.wikipedia.org/wiki/Hypomesus_nipponensis"" title=""wikipedia:Hypomesus nipponensis"">Hypomesus nipponensis</a>, <br/>, <small>(Japanese pond smelt)</small>]","<a class=""extiw"" href=""https://en.wikipedia.org/wiki/Hypomesus_nipponensis"" title=""wikipedia:Hypomesus nipponensis"">Hypomesus nipponensis</a>",>Hypomesus nipponensis</a>,Hypomesus nipponensis
133,133,8,pop-eyed goldfish,1300,Pond,,0,1–2,9 AM – 4 PM,9 AM – 4 PM,9 AM – 4 PM,9 AM – 4 PM,9 AM – 4 PM,9 AM – 4 PM,9 AM – 4 PM,9 AM – 4 PM,9 AM – 4 PM,9 AM – 4 PM,9 AM – 4 PM,9 AM – 4 PM,9 AM – 4 PM,9 AM – 4 PM,9 AM – 4 PM,9 AM – 4 PM,9 AM – 4 PM,9 AM – 4 PM,9 AM – 4 PM,9 AM – 4 PM,9 AM – 4 PM,9 AM – 4 PM,9 AM – 4 PM,9 AM – 4 PM,Black,Light blue,Fish8,FishDemekin,FtrFishDemekin,2221,RvqzuA438gGqRJ7NG,X-Small,No,1x1,No lighting,Pop-Eyed_Goldfish,Pop-Eyed_Goldfish,"[<a class=""extiw"" href=""https://en.wikipedia.org/wiki/Carassius_auratus"" title=""wikipedia:Carassius auratus"">Carassius auratus</a>, <br/>, <small>(goldfish)</small>]","<a class=""extiw"" href=""https://en.wikipedia.org/wiki/Carassius_auratus"" title=""wikipedia:Carassius auratus"">Carassius auratus</a>",>Carassius auratus</a>,Carassius auratus
134,134,55,puffer fish,250,Sea,,0,7–8,,,,,,,All day,All day,All day,,,,All day,All day,All day,,,,,,,,,,Beige,Black,Fish45,FishHarisenbon,FtrFishHarisenbon,2263,jNkgaybfSsv8MkaQ2,Medium,No,1x1,Fluorescent,Puffer_Fish,Puffer_Fish,"[<a class=""extiw"" href=""https://en.wikipedia.org/wiki/Diodon_holocanthus"" title=""wikipedia:Diodon holocanthus"">Diodon holocanthus</a>, <br/>, <small>(long-spined porcupinefish)</small>]","<a class=""extiw"" href=""https://en.wikipedia.org/wiki/Diodon_holocanthus"" title=""wikipedia:Diodon holocanthus"">Diodon holocanthus</a>",>Diodon holocanthus</a>,Diodon holocanthus
135,135,39,rainbowfish,800,River,,0,2–3,,,,,9 AM – 4 PM,9 AM – 4 PM,9 AM – 4 PM,9 AM – 4 PM,9 AM – 4 PM,9 AM – 4 PM,,,9 AM – 4 PM,9 AM – 4 PM,9 AM – 4 PM,9 AM – 4 PM,,,,,,,9 AM – 4 PM,9 AM – 4 PM,Orange,Black,Fish80,FishRainbowfish,FtrFishRainbowfish,4194,XJfkdS4C2MPYiscST,X-Small,No,1x1,Fluorescent,Rainbowfish,Rainbowfish,"[<a class=""extiw"" href=""https://en.wikipedia.org/wiki/Rhadinocentrus_ornatus"" title=""wikipedia:Rhadinocentrus ornatus"">Rhadinocentrus ornatus</a>, <br/>, <small>(ornate rainbowfish)</small>]","<a class=""extiw"" href=""https://en.wikipedia.org/wiki/Rhadinocentrus_ornatus"" title=""wikipedia:Rhadinocentrus ornatus"">Rhadinocentrus ornatus</a>",>Rhadinocentrus ornatus</a>,Rhadinocentrus ornatus
136,136,9,ranchu goldfish,4500,Pond,,20,1–2,9 AM – 4 PM,9 AM – 4 PM,9 AM – 4 PM,9 AM – 4 PM,9 AM – 4 PM,9 AM – 4 PM,9 AM – 4 PM,9 AM – 4 PM,9 AM – 4 PM,9 AM – 4 PM,9 AM – 4 PM,9 AM – 4 PM,9 AM – 4 PM,9 AM – 4 PM,9 AM – 4 PM,9 AM – 4 PM,9 AM – 4 PM,9 AM – 4 PM,9 AM – 4 PM,9 AM – 4 PM,9 AM – 4 PM,9 AM – 4 PM,9 AM – 4 PM,9 AM – 4 PM,Red,Black,Fish85,FishRanchu,FtrFishRanchu,5254,4NE2SteWKEaBYjgWb,Small,No,1x1,No lighting,Ranchu_Goldfish,Ranchu_Goldfish,"[<a class=""extiw"" href=""https://en.wikipedia.org/wiki/Carassius_auratus"" title=""wikipedia:Carassius auratus"">Carassius auratus</a>, <br/>, <small>(goldfish)</small>]","<a class=""extiw"" href=""https://en.wikipedia.org/wiki/Carassius_auratus"" title=""wikipedia:Carassius auratus"">Carassius auratus</a>",>Carassius auratus</a>,Carassius auratus
137,137,71,ray,3000,Sea,,20,2,,,,,,,,4 AM – 9 PM,4 AM – 9 PM,4 AM – 9 PM,4 AM – 9 PM,,,4 AM – 9 PM,4 AM – 9 PM,4 AM – 9 PM,4 AM – 9 PM,,,,,,,,Brown,Black,Fish59,FishEi,FtrFishEi,2277,gP5F7wWFvFqiZzuGw,X-Large,No,2x1,Fluorescent,Ray,Ray,"[<a class=""extiw"" href=""https://en.wikipedia.org/wiki/Hemitrygon_akajei"" title=""wikipedia:Hemitrygon akajei"">Hemitrygon akajei</a>, <br/>, <small>(red stingray)</small>]","<a class=""extiw"" href=""https://en.wikipedia.org/wiki/Hemitrygon_akajei"" title=""wikipedia:Hemitrygon akajei"">Hemitrygon akajei</a>",>Hemitrygon akajei</a>,Hemitrygon akajei
138,138,60,red snapper,3000,Sea,,0,5–7,All day,All day,All day,All day,All day,All day,All day,All day,All day,All day,All day,All day,All day,All day,All day,All day,All day,All day,All day,All day,All day,All day,All day,All day,Red,Black,Fish49,FishTai,FtrFishTai,2267,iY4zfgojAfLskW4CQ,Large,No,1x1,Fluorescent,Red_Snapper,Red_Snapper,"[<a class=""extiw"" href=""https://en.wikipedia.org/wiki/Pagrus_major"" title=""wikipedia:Pagrus major"">Pagrus major</a>, <br/>, <small>(red seabream)</small>]","<a class=""extiw"" href=""https://en.wikipedia.org/wiki/Pagrus_major"" title=""wikipedia:Pagrus major"">Pagrus major</a>",>Pagrus major</a>,Pagrus major
139,139,65,ribbon eel,600,Sea,,0,2,,,,,,All day,All day,All day,All day,All day,,,All day,All day,All day,All day,,,,,,,,All day,Blue,Black,Fish71,FishHanahigeutubo,FtrFishHanahige,2272,T9zeSBHpB5qyAZTxu,Long,No,2x1,Fluorescent,Ribbon_Eel,Ribbon_Eel,"[<a class=""extiw"" href=""https://en.wikipedia.org/wiki/Rhinocerosmuraena_quaesita"" title=""wikipedia:Rhinocerosmuraena quaesita"">Rhinocerosmuraena quaesita</a>, <br/>, <small>(ribbon eel)</small>]","<a class=""extiw"" href=""https://en.wikipedia.org/wiki/Rhinocerosmuraena_quaesita"" title=""wikipedia:Rhinocerosmuraena quaesita"">Rhinocerosmuraena quaesita</a>",>Rhinocerosmuraena quaesita</a>,Rhinocerosmuraena quaesita
140,140,45,saddled bichir,4000,River,,20,1,,,,,,9 PM – 4 AM,9 PM – 4 AM,9 PM – 4 AM,9 PM – 4 AM,,,,9 PM – 4 AM,9 PM – 4 AM,9 PM – 4 AM,,,,,,,,,9 PM – 4 AM,Brown,Black,Fish68,FishEndorikerii,FtrFishEndlicheri,2254,bcTmnwZxrw2iJsQmf,Large,No,2x1,Fluorescent,Saddled_Bichir,Saddled_Bichir,"[<a class=""extiw"" href=""https://en.wikipedia.org/wiki/Polypterus_endlicheri"" title=""wikipedia:Polypterus endlicheri"">Polypterus endlicheri</a>, <br/>, <small>(saddled bichir)</small>]","<a class=""extiw"" href=""https://en.wikipedia.org/wiki/Polypterus_endlicheri"" title=""wikipedia:Polypterus endlicheri"">Polypterus endlicheri</a>",>Polypterus endlicheri</a>,Polypterus endlicheri
141,141,31,salmon,700,River (mouth),,0,20,,,,,,,,,All day,,,,,,All day,,,,,,,,,,Brown,Black,Fish27,FishSake,FtrFishSake,2242,iwXhnZcSezNxqdNQf,Large,No,2x1,Fluorescent,Salmon,Salmon,"[<a class=""extiw"" href=""https://en.wikipedia.org/wiki/Oncorhynchus_keta"" title=""wikipedia:Oncorhynchus keta"">Oncorhynchus keta</a>, <br/>, <small>(chum salmon)</small>]","<a class=""extiw"" href=""https://en.wikipedia.org/wiki/Oncorhynchus_keta"" title=""wikipedia:Oncorhynchus keta"">Oncorhynchus keta</a>",>Oncorhynchus keta</a>,Oncorhynchus keta
142,142,72,saw shark,12000,Sea,,50,1,,,,,,4 PM – 9 AM,4 PM – 9 AM,4 PM – 9 AM,4 PM – 9 AM,,,,4 PM – 9 AM,4 PM – 9 AM,4 PM – 9 AM,,,,,,,,,4 PM – 9 AM,Brown,Black,Fish74,FishNokogirizame,FtrFishNokogiri,2281,tsrT7a8cbtwZrmJTz,Large w/Fin,No,2x1,Fluorescent,Saw_Shark,Saw_Shark,"[<a class=""extiw"" href=""https://en.wikipedia.org/wiki/Pristiophorus_japonicus"" title=""wikipedia:Pristiophorus japonicus"">Pristiophorus japonicus</a>, <br/>, <small>(Japanese saw shark)</small>]","<a class=""extiw"" href=""https://en.wikipedia.org/wiki/Pristiophorus_japonicus"" title=""wikipedia:Pristiophorus japonicus"">Pristiophorus japonicus</a>",>Pristiophorus japonicus</a>,Pristiophorus japonicus
143,143,59,sea bass,400,Sea,,0,11–18,All day,All day,All day,All day,All day,All day,All day,All day,All day,All day,All day,All day,All day,All day,All day,All day,All day,All day,All day,All day,All day,All day,All day,All day,Gray,Black,Fish48,FishSuzuki,FtrFishSuzuki,2266,LkA5hzibm6uiHDB9g,X-Large,No,2x1,Fluorescent,Sea_Bass,Sea_Bass,"[<a class=""extiw"" href=""https://en.wikipedia.org/wiki/Lateolabrax_japonicus"" title=""wikipedia:Lateolabrax japonicus"">Lateolabrax japonicus</a>, <br/>, <small>(Japanese seabass)</small>]","<a class=""extiw"" href=""https://en.wikipedia.org/wiki/Lateolabrax_japonicus"" title=""wikipedia:Lateolabrax japonicus"">Lateolabrax japonicus</a>",>Lateolabrax japonicus</a>,Lateolabrax japonicus
144,144,47,sea butterfly,1000,Sea,,0,10–11,All day,All day,All day,,,,,,,,,All day,,,,,,All day,All day,All day,All day,,,,White,Black,Fish37,FishKurione,FtrFishKurione,2255,kd5beizyQGeyjeM79,X-Small,No,1x1,Fluorescent,Sea_Butterfly,Sea_Butterfly,"[<a class=""extiw"" href=""https://en.wikipedia.org/wiki/Clione_limacina"" title=""wikipedia:Clione limacina"">Clione limacina</a>, <br/>, <small>(naked sea butterfly)</small>]","<a class=""extiw"" href=""https://en.wikipedia.org/wiki/Clione_limacina"" title=""wikipedia:Clione limacina"">Clione limacina</a>",>Clione limacina</a>,Clione limacina
145,145,48,sea horse,1100,Sea,,0,5–7,,,,All day,All day,All day,All day,All day,All day,All day,All day,,All day,All day,All day,All day,All day,,,,,All day,All day,All day,Orange,Black,Fish39,FishTatsunootoshigo,FtrFishTatsunootoshigo,2256,Pw5oZqC29NWEGRfyS,X-Small,No,1x1,Fluorescent,Sea_Horse,Sea_Horse,"[<a class=""extiw"" href=""https://en.wikipedia.org/wiki/Hippocampus_coronatus"" title=""wikipedia:Hippocampus coronatus"">Hippocampus coronatus</a>, <br/>, <small>(crowned seahorse)</small>]","<a class=""extiw"" href=""https://en.wikipedia.org/wiki/Hippocampus_coronatus"" title=""wikipedia:Hippocampus coronatus"">Hippocampus coronatus</a>",>Hippocampus coronatus</a>,Hippocampus coronatus
146,146,13,snapping turtle,5000,River,,0,2–3,,,,9 PM – 4 AM,9 PM – 4 AM,9 PM – 4 AM,9 PM – 4 AM,9 PM – 4 AM,9 PM – 4 AM,9 PM – 4 AM,,,9 PM – 4 AM,9 PM – 4 AM,9 PM – 4 AM,9 PM – 4 AM,,,,,,9 PM – 4 AM,9 PM – 4 AM,9 PM – 4 AM,Brown,Black,Fish78,FishKamitsukigame,FtrFishKamitukigame,4192,SJa3LLde3Yuz4H3D7,Large,No,1x1,No lighting,Snapping_Turtle,Snapping_Turtle,"[<a class=""extiw"" href=""https://en.wikipedia.org/wiki/Chelydra_serpentina"" title=""wikipedia:Chelydra serpentina"">Chelydra serpentina</a>, <br/>, <small>(common snapping turtle)</small>]","<a class=""extiw"" href=""https://en.wikipedia.org/wiki/Chelydra_serpentina"" title=""wikipedia:Chelydra serpentina"">Chelydra serpentina</a>",>Chelydra serpentina</a>,Chelydra serpentina
147,147,12,soft-shelled turtle,3750,River,,20,4,,,,,,,,4 PM – 9 AM,4 PM – 9 AM,,,,,4 PM – 9 AM,4 PM – 9 AM,,,,,,,,,,Green,Black,Fish65,FishSuppon,FtrFishSuppon,2224,izuY2f4GtEGT3BtuR,Large,No,1x1,No lighting,Soft-Shelled_Turtle,Soft-Shelled_Turtle,"[<a class=""extiw"" href=""https://en.wikipedia.org/wiki/Pelodiscus_maackii"" title=""wikipedia:Pelodiscus maackii"">Pelodiscus maackii</a>, <br/>, <small>(Amur softshell turtle)</small>]","<a class=""extiw"" href=""https://en.wikipedia.org/wiki/Pelodiscus_maackii"" title=""wikipedia:Pelodiscus maackii"">Pelodiscus maackii</a>",>Pelodiscus maackii</a>,Pelodiscus maackii
148,148,63,squid,500,Sea,,0,7–10,All day,All day,All day,All day,All day,All day,All day,All day,,,,All day,All day,All day,,,,All day,All day,All day,All day,All day,All day,All day,Beige,Black,Fish52,FishIka,FtrFishIka,2270,qxHJ6BGgyQujkC28w,Medium,No,1x1,Fluorescent,Squid,Squid,"[<a class=""extiw"" href=""https://en.wikipedia.org/wiki/Loliolus_japonica"" title=""wikipedia:Loliolus japonica"">Loliolus japonica</a>, <br/>, <small>(Japanese squid)</small>]","<a class=""extiw"" href=""https://en.wikipedia.org/wiki/Loliolus_japonica"" title=""wikipedia:Loliolus japonica"">Loliolus japonica</a>",>Loliolus japonica</a>,Loliolus japonica
149,149,30,stringfish,15000,River (clifftop),,100,1,4 PM – 9 AM,4 PM – 9 AM,4 PM – 9 AM,,,,,,,,,4 PM – 9 AM,,,,,,4 PM – 9 AM,4 PM – 9 AM,4 PM – 9 AM,4 PM – 9 AM,,,,Brown,Black,Fish26,FishItou,FtrFishItou,2241,APXg8kSzjcmoGGWSP,X-Large,No,2x1,Fluorescent,Stringfish,Stringfish,"[<a class=""extiw"" href=""https://en.wikipedia.org/wiki/Parahucho_perryi"" title=""wikipedia:Parahucho perryi"">Parahucho perryi</a>, <br/>, <small>(stringfish)</small>]","<a class=""extiw"" href=""https://en.wikipedia.org/wiki/Parahucho_perryi"" title=""wikipedia:Parahucho perryi"">Parahucho perryi</a>",>Parahucho perryi</a>,Parahucho perryi
150,150,46,sturgeon,10000,River (mouth),,20,1–4,All day,All day,All day,,,,,,All day,All day,All day,All day,,,All day,All day,All day,All day,All day,All day,All day,,,,Black,Black,Fish75,FishTyouzame,FtrFishTyouzame,4189,XabKYtzYDNSNrFvpw,XX-Large,Yes,2x1,Fluorescent,Sturgeon,Sturgeon,"[<a class=""extiw"" href=""https://en.wikipedia.org/wiki/Acipenser_medirostris"" title=""wikipedia:Acipenser medirostris"">Acipenser medirostris</a>, <br/>, <small>(green sturgeon)</small>]","<a class=""extiw"" href=""https://en.wikipedia.org/wiki/Acipenser_medirostris"" title=""wikipedia:Acipenser medirostris"">Acipenser medirostris</a>",>Acipenser medirostris</a>,Acipenser medirostris
151,151,76,suckerfish,1500,Sea,,20,2,,,,,,All day,All day,All day,All day,,,,All day,All day,All day,,,,,,,,,All day,Black,Black,Fish83,FishKobanzame,FtrFishKobanzame,4203,FPpwmMDn9rYAJazyS,Medium w/Fin,No,1x1,Fluorescent,Suckerfish,Suckerfish,"[<a class=""extiw"" href=""https://en.wikipedia.org/wiki/Echeneis_naucrates"" title=""wikipedia:Echeneis naucrates"">Echeneis naucrates</a>, <br/>, <small>(slender sharksucker)</small>]","<a class=""extiw"" href=""https://en.wikipedia.org/wiki/Echeneis_naucrates"" title=""wikipedia:Echeneis naucrates"">Echeneis naucrates</a>",>Echeneis naucrates</a>,Echeneis naucrates
152,152,50,surgeonfish,1000,Sea,,0,2,,,,All day,All day,All day,All day,All day,All day,,,,All day,All day,All day,,,,,,,All day,All day,All day,Blue,Black,Fish41,FishNanyouhagi,FtrFishNanyouhagi,2258,s7iioofF5C7PzCZyF,Small,No,1x1,Fluorescent,Surgeonfish,Surgeonfish,"[<a class=""extiw"" href=""https://en.wikipedia.org/wiki/Paracanthurus_hepatus"" title=""wikipedia:Paracanthurus hepatus"">Paracanthurus hepatus</a>, <br/>, <small>(palette surgeonfish)</small>]","<a class=""extiw"" href=""https://en.wikipedia.org/wiki/Paracanthurus_hepatus"" title=""wikipedia:Paracanthurus hepatus"">Paracanthurus hepatus</a>",>Paracanthurus hepatus</a>,Paracanthurus hepatus
153,153,26,sweetfish,900,River,,0,5–10,,,,,,,All day,All day,All day,,,,All day,All day,All day,,,,,,,,,,Green,Black,Fish22,FishAyu,FtrFishAyu,2237,dWgg2bjCicuiZjXW6,Medium,No,1x1,Fluorescent,Sweetfish,Sweetfish,"[<a class=""extiw"" href=""https://en.wikipedia.org/wiki/Plecoglossus_altivelis"" title=""wikipedia:Plecoglossus altivelis"">Plecoglossus altivelis</a>, <br/>, <small>(sweetfish)</small>]","<a class=""extiw"" href=""https://en.wikipedia.org/wiki/Plecoglossus_altivelis"" title=""wikipedia:Plecoglossus altivelis"">Plecoglossus altivelis</a>",>Plecoglossus altivelis</a>,Plecoglossus altivelis
154,154,14,tadpole,100,Pond,,0,5–6,,,All day,All day,All day,All day,All day,,,,,,All day,,,,,,,,All day,All day,All day,All day,Black,Blue,Fish64,FishOtamajakusi,FtrFishOtama,2225,rb8MsjWopKYWuQK8s,X-Small,No,1x1,No lighting,Tadpole,Tadpole,"[<a class=""extiw"" href=""https://en.wikipedia.org/wiki/Hyla_japonica"" title=""wikipedia:Hyla japonica"">Hyla japonica</a>, <br/>, <small>(Japanese tree frog)</small>]","<a class=""extiw"" href=""https://en.wikipedia.org/wiki/Hyla_japonica"" title=""wikipedia:Hyla japonica"">Hyla japonica</a>",>Hyla japonica</a>,Hyla japonica
155,155,23,tilapia,800,River,,0,7–9,,,,,,All day,All day,All day,All day,All day,,,All day,All day,All day,All day,,,,,,,,All day,Black,Black,Fish76,FishThirapia,FtrFishThirapia,4190,as78rnkwY3ahrTkBY,Medium,No,1x1,Fluorescent,Tilapia,Tilapia,"[<a class=""extiw"" href=""https://en.wikipedia.org/wiki/Oreochromis_niloticus"" title=""wikipedia:Oreochromis niloticus"">Oreochromis niloticus</a>, <br/>, <small>(Nile tilapia)</small>]","<a class=""extiw"" href=""https://en.wikipedia.org/wiki/Oreochromis_niloticus"" title=""wikipedia:Oreochromis niloticus"">Oreochromis niloticus</a>",>Oreochromis niloticus</a>,Oreochromis niloticus
156,156,66,tuna,7000,Pier,,50,2,All day,All day,All day,All day,,,,,,,All day,All day,,,,,All day,All day,All day,All day,All day,All day,,,Blue,Black,Fish57,FishMaguro,FtrFishMaguro,2274,4PnGXx9DSb866AeCM,XX-Large,Yes,2x1,Fluorescent,Tuna,Tuna,"[<a class=""extiw"" href=""https://en.wikipedia.org/wiki/Thunnus_orientalis"" title=""wikipedia:Thunnus orientalis"">Thunnus orientalis</a>, <br/>, <small>(Pacific bluefin tuna)</small>]","<a class=""extiw"" href=""https://en.wikipedia.org/wiki/Thunnus_orientalis"" title=""wikipedia:Thunnus orientalis"">Thunnus orientalis</a>",>Thunnus orientalis</a>,Thunnus orientalis
157,157,75,whale shark,13000,Sea,,50,1,,,,,,All day,All day,All day,All day,,,,All day,All day,All day,,,,,,,,,All day,Black,Blue,Fish72,FishJinbeezame,FtrFishJinbee,2282,r3RAtJsXENwnFvQh7,Large w/Fin,Yes,3x2,No lighting,Whale_Shark,Whale_Shark,"[<a class=""extiw"" href=""https://en.wikipedia.org/wiki/Rhincodon_typus"" title=""wikipedia:Rhincodon typus"">Rhincodon typus</a>, <br/>, <small>(whale shark)</small>]","<a class=""extiw"" href=""https://en.wikipedia.org/wiki/Rhincodon_typus"" title=""wikipedia:Rhincodon typus"">Rhincodon typus</a>",>Rhincodon typus</a>,Rhincodon typus
158,158,21,yellow perch,300,River,,0,7–10,All day,All day,All day,,,,,,,All day,All day,All day,,,,All day,All day,All day,All day,All day,All day,,,,Yellow,Black,Fish18,FishYellowparch,FtrFishYellowparch,2233,bLgE5dicZniF5zZDW,Medium,No,1x1,Fluorescent,Yellow_Perch,Yellow_Perch,"[<a class=""extiw"" href=""https://en.wikipedia.org/wiki/Perca_flavescens"" title=""wikipedia:Perca flavescens"">Perca flavescens</a>, <br/>, <small>(yellow perch)</small>]","<a class=""extiw"" href=""https://en.wikipedia.org/wiki/Perca_flavescens"" title=""wikipedia:Perca flavescens"">Perca flavescens</a>",>Perca flavescens</a>,Perca flavescens
159,159,53,zebra turkeyfish,500,Sea,,0,6–8,,,,All day,All day,All day,All day,All day,All day,All day,All day,,All day,All day,All day,All day,All day,,,,,All day,All day,All day,Red,Black,Fish44,FishMinokasago,FtrFishMinokasago,2261,h7fa7Fh3Ay7vAxgE2,Medium,No,1x1,Fluorescent,Zebra_Turkeyfish,Zebra_Turkeyfish,"[<a class=""extiw"" href=""https://en.wikipedia.org/wiki/Pterois_lunulata"" title=""wikipedia:Pterois lunulata"">Pterois lunulata</a>, <br/>, <small>(luna lionfish)</small>]","<a class=""extiw"" href=""https://en.wikipedia.org/wiki/Pterois_lunulata"" title=""wikipedia:Pterois lunulata"">Pterois lunulata</a>",>Pterois lunulata</a>,Pterois lunulata
