,Name,Species,Gender,Personality,Hobby,Birthday,Catchphrase,Favorite Song,Style 1,Style 2,Color 1,Color 2,Wallpaper,Flooring,Furniture List,Filename,Unique Entry ID,Total_Google_Searches,Poll_Results,Overall_Popularity
0,Admiral,Bird,Male,Cranky,Nature,27-Jan,aye aye,Steep Hill,Cool,Cool,Black,Blue,dirt-clod wall,tatami,717;1849;7047;2736;787;5970;3449;3622;3802;4106;3438;4029,brd06,B3RyfNEqwGmcccRC3,202400.0,575.0,202975.0
1,Agent S,Squirrel,Female,Peppy,Fitness,2-Jul,sidekick,Go K.K. Rider,Active,Simple,Blue,Black,concrete wall,colorful tile flooring,7845;7150;3468;4080;290;3971;3449;1708;4756;2560;4753;7323;7789,squ05,SGMdki6dzpDZyXAw5,0.0,1089.0,1089.0
2,Agnes,Pig,Female,Big Sister,Play,21-Apr,snuffle,K.K. House,Simple,Elegant,Pink,White,gray molded-panel wall,arabesque flooring,4129;7236;7235;7802;896;3428;4027;7325;3958;7136;3951;3773;7801,pig17,jzWCiDPm9MqtCfecP,806400.0,2218.0,808618.0
3,Al,Gorilla,Male,Lazy,Fitness,18-Oct,ayyyeee,Go K.K. Rider,Active,Active,Red,White,concrete wall,green rubber flooring,1452;4078;4013;833;4116;3697;7845;3307;3946;3960;7800,gor08,LBifxETQJGEaLhBjC,1702800.0,522.0,1703322.0
4,Alfonso,Alligator,Male,Lazy,Play,9-Jun,it'sa me,Forest Life,Simple,Simple,Red,Blue,yellow playroom wall,green honeycomb tile,4763;3205;3701;1557;3623;85;3208;3584;4761;1217;3702,crd00,REpd8KxB8p9aGBRSE,0.0,1117.0,1117.0
5,Alice,Koala,Female,Normal,Education,19-Aug,guvnor,Aloha K.K.,Cute,Cute,Red,Pink,white botanical-tile wall,light parquet flooring,4052;4054;4129;4053;4049;3615;4051;7353;4130;3428;4046;4338,kal01,wkPJDHMMMTK24eqzC,1239850.0,1206.0,1241056.0
6,Alli,Alligator,Female,Snooty,Fashion,8-Nov,graaagh,K.K. Soul,Gorgeous,Elegant,Yellow,Brown,woodland wall,rosewood flooring,4051;4054;790;4046;4049;4053;1836;4052;4014;3775,crd01,dcB3BpFLtcXHAbt5i,0.0,217.0,217.0
7,Amelia,Eagle,Female,Snooty,Music,19-Nov,cuz,K.K. Condor,Cool,Elegant,Black,White,summit wall,common flooring,4043;4042;4041;794;383;9313;4044;4036;4393;3229;4123,pbr01,gWpcHhfpuN4MSTdhF,322750.0,636.0,323386.0
8,Anabelle,Anteater,Female,Peppy,Fashion,16-Feb,snorty,Aloha K.K.,Cute,Simple,Green,Blue,green painted-wood wall,yellow floral flooring,1913;1227;3995;2713;3490;3439;957;3697;3438;1838;2605;3270;4019;3431,ant03,gvdKbp6t9xMtx5swT,0.0,899.0,899.0
9,Anchovy,Bird,Male,Lazy,Play,4-Mar,chuurp,K.K. Ragtime,Simple,Simple,Colorful,Orange,modern wood wall,simple red flooring,863;791;937;1177;3681;1081;1087;4014;1853;1852;1852,brd02,T9ya79MPxRxcR4tae,640700.0,611.0,641311.0
10,Angus,Bull,Male,Cranky,Fitness,30-Apr,macmoo,K.K. Calypso,Cool,Cool,Red,Black,wild-wood wall,red-and-black vinyl flooring,937;3957;4132;3956;863;3194;3818;793;2554;3958;864,bul00,jHQfWetzGf6Zhgt4u,0.0,316.0,316.0
11,Anicotti,Mouse,Female,Peppy,Fashion,24-Feb,cannoli,Neapolitan,Simple,Elegant,Red,Pink,beaded-curtain wall,kitschy tile,4132;2560;2605;9766;928;3400;3251;3438;3439;7137;7236;1913;1845;1836;7335,mus10,oGr6N9vC3TD9raXbf,0.0,336.0,336.0
12,Ankha,Cat,Female,Snooty,Nature,22-Sep,me meow,K.K. Bazaar,Gorgeous,Simple,Colorful,Brown,ancient wall,pyramid tile,3472;8608;5165;8825;3774;8825;8825;3065;3810,cat19,AWdRRws22EGTxC7vc,2800650.0,10811.0,2811461.0
13,Annalisa,Anteater,Female,Normal,Nature,6-Feb,gumdrop,King K.K.,Elegant,Gorgeous,Red,Pink,gold-screen wall,tatami,3230;725;5976;716;3551;7048;3622;3974;109;7865,ant08,XTwyzscZPAA8LRdYN,499500.0,511.0,500011.0
14,Annalise,Horse,Female,Snooty,Fashion,2-Dec,nipper,Aloha K.K.,Elegant,Active,Blue,Purple,tropical vista,yellow floral flooring,7259;3983;7868;5150;7148;4130;1288;998;3684;7134;975,hrs09,88YKJKvjin32GeG4H,0.0,227.0,227.0
15,Antonio,Anteater,Male,Jock,Fitness,20-Oct,honk,K.K. Ragtime,Simple,Simple,Light blue,Blue,starry wall,wooden-knot flooring,3438;1759;4125;2605;1913;3122;3439;2560;4308;4757,ant01,RQNii4nDE2AWswpgE,560300.0,1430.0,561730.0
16,Apollo,Eagle,Male,Cranky,Music,4-Jul,pah,K.K. Rock,Cool,Simple,Black,Black,shutter wall,slate flooring,4052;4141;4441;863;3428;793;1288;4139;4014;3586,pbr00,25sZq7NjGGADiEXtR,284460.0,4840.0,289300.0
17,Apple,Hamster,Female,Peppy,Play,24-Sep,cheekers,I Love You,Cute,Simple,Colorful,Red,apple wall,simple white flooring,1792;3251;3490;7134;3122;928;2560;1783;7327;4003;2605;4134;3996;2596;9766;3400,ham01,bEHwPJ3GBDZaNE4Bd,810.0,4504.0,5314.0
18,Astrid,Kangaroo,Female,Snooty,Music,8-Sep,my pet,K.K. Gumbo,Cool,Active,Black,Colorful,backyard-fence wall,backyard lawn,1170;4379;2329;2329;2329;1708;3962;2319;3430;1199,kgr05,qrki2afmbkBQ6DbmZ,287700.0,218.0,287918.0
19,Audie,Wolf,Female,Peppy,Fitness,31-Aug,foxtrot,K.K. Island,Cute,Active,Green,White,tropical vista,green floral flooring,4046;787;3615;4143;1866;4109;3672;975;3431;4054;3684;8395;7259,wol12,2tufzN7iwjncqLu7Y,1059000.0,10551.0,1069551.0
20,Aurora,Penguin,Female,Normal,Education,27-Jan,b-b-baby,Stale Cupcakes,Cute,Elegant,Pink,Red,ice wall,ice flooring,5956;5956;3498;4131;4131;3502;5959;3500;3500;4338;3340;5165;5165,pgn00,CXt3MBoeCZXXSRS7B,733700.0,2905.0,736605.0
21,Ava,Chicken,Female,Normal,Music,28-Apr,beaker,K.K. Love Song,Elegant,Cute,Red,Gray,white-rose wall,simple white flooring,3490;4003;7132;2560;3616;3428;7137;2740;7789;7134;7365;1838,chn05,93emjZzaaLb7BdkSn,587350.0,328.0,587678.0
22,Avery,Eagle,Male,Cranky,Music,22-Feb,skree-haw,K.K. Condor,Simple,Gorgeous,Orange,Brown,western vista,rocky-mountain flooring,343;343;1430;3398;7393;10743;7345;3397;4025;4073,pbr05,SKF5NqPPqzjL7dEng,0.0,436.0,436.0
23,Axel,Elephant,Male,Jock,Fitness,23-Mar,WHONK,K.K. Dixie,Active,Simple,Green,White,blue playroom wall,blue rubber flooring,3205;1181;4756;4759;7392;1558;5543;4761;2731;1559;4762;3623,elp06,K3aj3w7fLcMETyuzf,659300.0,573.0,659873.0
24,Baabara,Sheep,Female,Snooty,Fashion,28-Mar,daahling,K.K. Cruisin',Gorgeous,Elegant,Purple,Blue,stormy-night wall,brown iron-parquet flooring,3468;4015;7348;7348;3958;3428;4027;794;3950;1840;3955;3951;10244;4102,shp01,LAWZdKWcejrkbikco,0.0,266.0,266.0
25,Bam,Deer,Male,Jock,Play,7-Nov,kablang,K.K. Blues,Active,Simple,Green,Brown,concrete wall,blue rubber flooring,833;7529;7529;4003;4026;7150;1181;3946;1759;4116;3431,der01,2yvPukPn4ZSamngmb,675900.0,2363.0,678263.0
26,Bangle,Tiger,Female,Peppy,Fashion,27-Aug,growf,K.K. Soul,Gorgeous,Cute,Yellow,Green,yellow intricate wall,blue floral flooring,7137;7134;4003;4109;929;2554;7132;3438;4118;2560;1753;3270;3400;1501,tig03,DvL5iP2kNCNfwc6Mv,541200.0,938.0,542138.0
27,Barold,Cub,Male,Lazy,Play,2-Mar,cubby,K.K. Song,Simple,Cool,Yellow,Black,security-monitors wall,monochromatic tile flooring,4015;8298;833;1434;875;840;1850;3697;832;1126;1232;3987;3987;3672;1165;1759;7356,cbr16,6qZJQFWqeCHzPNyEZ,746850.0,1256.0,748106.0
28,Bea,Dog,Female,Normal,Nature,15-Oct,bingo,Drivin',Simple,Cool,Light blue,Green,blackboard wall,cork flooring,4053;2014;4129;1866;928;2014;1850;4003;4139;3619;3619;4139;3619;3619;3615;7337;4139;954;4107;1845,dog10,DkqHjENW8fRBE9uxG,0.0,1152.0,1152.0
29,Beardo,Bear,Male,Smug,Education,27-Sep,whiskers,K.K. Milonga,Elegant,Elegant,Brown,Blue,blue-crown wall,simple purple flooring,3954;3561;2554;3784;3958;3951;3783;794;4009;1750,bea13,3XoqTm3LW4C4BvLBt,0.0,668.0,668.0
30,Beau,Deer,Male,Lazy,Nature,5-Apr,saltlick,Mountain Song,Simple,Cute,Beige,Orange,meadow vista,daisy meadow,1157;5970;7393;1434;1143;4042;6033;7404;1708;1082,der07,zbkkW8wWbmyGAZauv,1087800.0,9994.0,1097794.0
31,Becky,Chicken,Female,Snooty,Music,9-Dec,chicklet,K.K. Chorale,Gorgeous,Elegant,Purple,Pink,palace wall,palace tile,3954;1449;3958;794;2772;1058;1875;3681;987,chn09,D7Atj8BuHK6mgwwvZ,0.0,169.0,169.0
32,Bella,Mouse,Female,Peppy,Music,28-Dec,eeks,K.K. Metal,Cool,Active,Black,Purple,concrete wall,skull-print flooring,3563;3559;4030;4017;4441;4139;4138;4137;4757;1870;1757;3621;3943;4071;8417,mus02,hu4qewj6YKKmzMpYL,862200.0,628.0,862828.0
33,Benedict,Chicken,Male,Lazy,Play,10-Oct,uh-hoo,I Love You,Simple,Simple,Blue,Purple,backyard-fence wall,backyard lawn,3962;1199;4003;3348;4113;1631;3468;330;7148;1799,chn01,BjcoELiTM3m8StExF,578750.0,327.0,579077.0
34,Benjamin,Dog,Male,Lazy,Nature,3-Aug,alrighty,Mr. K.K.,Simple,Simple,Red,White,common wall,common flooring,833;4125;1308;1330;3672;1308;2012;4003;1558;1328;870;3968;3967;1328;3584;3965,dog16,wgb64Mp6XbFS2CPwj,0.0,486.0,486.0
35,Bertha,Hippo,Female,Normal,Education,25-Apr,bloop,Two Days Ago,Cute,Elegant,Pink,White,white-rose wall,rose flooring,2554;3943;2605;2713;3270;3275;3193;3775;929;1783;4111;1227;4048;3194;4308,hip03,oMQnY9fuzdtPweuLi,528250.0,584.0,528834.0
36,Bettina,Mouse,Female,Normal,Education,12-Jun,eekers,Animal City,Simple,Elegant,White,Red,blackboard wall,birch flooring,4138;4138;4109;4026;3561;3445;4135;928;3951;794;998;918;7337;3271;954;920,mus15,r9JpujcMdgTRABad9,0.0,244.0,244.0
37,Bianca,Tiger,Female,Peppy,Play,13-Dec,glimmer,K.K. House,Cute,Cute,Pink,Orange,white-brick wall,leopard-print flooring,2713;4052;7134;3436;7137;4141;4046;4000;3270;1836;1050;3618;3562,tig06,KGECko2WSNbQp4oRY,442950.0,1799.0,444749.0
38,Biff,Hippo,Male,Jock,Fitness,29-Mar,squirt,The K. Funk,Gorgeous,Active,Black,Blue,street-art wall,paintball flooring,4226;2010;9619;7654;3965;1185;2614;787,hip04,sT2KXbN2N3dqB6aaN,0.0,824.0,824.0
39,Big Top,Elephant,Male,Lazy,Play,3-Oct,villain,Go K.K. Rider,Simple,Active,Green,Green,construction-site wall,steel flooring,1452;2556;7152;4013;4116;290;3672;787;6475,elp02,o2NPbZGfMvTD7Se5i,0.0,346.0,346.0
40,Bill,Duck,Male,Jock,Play,1-Feb,quacko,Imperial K.K.,Active,Active,Blue,Purple,bamboo-screen wall,bamboo flooring,717;3971;928;3972;7348;794;6031;7409;3970;710;3344;3344;7796;7797;7797;8415,duk00,hcnPuswvHJykZw7BX,244460.0,2189.0,246649.0
41,Billy,Goat,Male,Jock,Play,25-Mar,dagnaabit,K.K. Song,Simple,Active,Blue,Purple,manga-library wall,garbage-heap flooring,7159;7163;7163;4034;1759;7161;3672;3672;1861;3672;7160;1750;4114,goa02,dqEHTSBSx5iLhGiSC,1061750.0,653.0,1062403.0
42,Biskit,Dog,Male,Lazy,Play,13-May,dawg,K.K. Mambo,Gorgeous,Simple,Purple,Colorful,backyard-fence wall,backyard lawn,1199;2592;1082;1631;4113;3430;4038;1620;4003;338;7403,dog03,nfeef6XSSstGwrbWo,0.0,1398.0,1398.0
43,Bitty,Hippo,Female,Snooty,Education,6-Oct,my dear,K.K. Disco,Cute,Elegant,Pink,Orange,gray molded-panel wall,lobby flooring,2554;1127;1816;7531;3560;1128;4338;3195;3948,hip05,JGyY83aN4ocBGZs8s,604350.0,140.0,604490.0
44,Blaire,Squirrel,Female,Snooty,Fashion,3-Jul,nutlet,K.K. Bossa,Gorgeous,Elegant,Orange,Brown,arched-window wall,gold iron-parquet flooring,3943;3971;4027;7235;7538;7236;7232;4027;4027;7337;4054;3949;10244;4046;7234;7527,squ01,SjArzqyvbHAbgRz8D,410450.0,991.0,411441.0
45,Blanche,Ostrich,Female,Snooty,Nature,21-Dec,quite so,K.K. Jongara,Elegant,Gorgeous,Black,Brown,standard tearoom wall,tatami flooring,3230;1029;725;7047;7865;3551;3974;4033;3970,ost08,2B4NDzz69JKjjqF9o,697300.0,798.0,698098.0
46,Bluebear,Cub,Female,Peppy,Fashion,24-Jun,peach,Only Me,Cute,Simple,White,Blue,blue simple-cloth wall,blue dot flooring,3995;3998;3997;3999;3624;4000;3996;4003;4002;4001,cbr00,ytYM52sRa4vhWW9cF,70.0,3770.0,3840.0
47,Bob,Cat,Male,Lazy,Play,1-Jan,pthhpth,Neapolitan,Simple,Cute,Colorful,Red,blue playroom wall,colorful puzzle flooring,3205;1557;2558;1565;1558;1559;1561;3206;3623;3208,cat00,KijzbrvT4obqCnBTw,502270.0,9158.0,511428.0
48,Bonbon,Rabbit,Female,Peppy,Play,3-Mar,deelish,Bubblegum K.K.,Cute,Elegant,Light blue,Yellow,cute yellow wall,white-paint flooring,3995;3997;3999;4001;4002;4000;7578;4003;3998;3624;3996,rbt17,yEQijXt6x8kQxdTrD,523350.0,448.0,523798.0
49,Bones,Dog,Male,Lazy,Play,4-Aug,yip yip,K.K. Étude,Simple,Cute,Beige,Brown,classic-library wall,light wood-pattern flooring,4125;1308;1308;3672;787;4125;4125;4125;832;2014;3968;7339;2014;1759;3672;1759,dog04,Y3F5fcfjvypECTqSm,0.0,1848.0,1848.0
50,Boomer,Penguin,Male,Lazy,Fitness,7-Feb,human,Farewell,Simple,Cool,Brown,Beige,iceberg wall,iceberg flooring,3500;3500;3500;3500;343;343;7281;5337;7142,pgn10,jqR8knKhx3kGYTSSd,498750.0,915.0,499665.0
51,Boone,Gorilla,Male,Jock,Fitness,12-Sep,baboom,Mountain Song,Elegant,Cool,Colorful,Red,cabin wall,wooden-knot flooring,4117;704;4043;4119;4044;4041;3943;4036;8417;7370;4037,gor02,ZgTh9dkb3k36EPZ4o,450650.0,414.0,451064.0
52,Boots,Alligator,Male,Jock,Play,7-Aug,munchie,Wandering,Gorgeous,Active,Colorful,Purple,rice-paddy wall,dirt flooring,3675;7142;7393;2754;1120;4038;4309;710;7229;3697;5978,crd02,xEt4yY9KCa4KoERfM,706200.0,465.0,706665.0
53,Boris,Pig,Male,Cranky,Nature,6-Nov,schnort,K.K. Oasis,Cool,Gorgeous,Purple,Black,ancient wall,rocky-mountain flooring,5956;7348;7348;5959;794;8825;3473;8702;8702;5959;5959;3772;3772;5963;5958,pig09,KRpDTZHnRjL2jn4H6,699050.0,267.0,699317.0
54,Boyd,Gorilla,Male,Cranky,Fitness,1-Oct,uh-oh,K.K. Groove,Simple,Cool,Red,Black,tree-lined wall,sidewalk flooring,146;146;1567;3943;1567;9568;8575;7229;9619;9619;3560;3697;724;2553;2553,gor05,qmod2zJ2CrQtqzrxw,0.0,140.0,140.0
55,Bree,Mouse,Female,Snooty,Fashion,7-Jul,cheeseball,K.K. Bossa,Elegant,Gorgeous,Black,Blue,white botanical-tile wall,blue desert-tile flooring,4052;4051;4049;2776;3775;4098;1840;4054;4003;1227;4048,mus03,6khpEinhKwWjzZh9S,420850.0,419.0,421269.0
56,Broccolo,Mouse,Male,Lazy,Play,30-Jun,eat it,I Love You,Simple,Cute,Colorful,Yellow,blue playroom wall,pastel puzzle flooring,2605;7134;7467;3965;1559;3623;5543;3208;7147;1561;86;7144;4003,mus12,yH5PZX3bdHRRxhCCX,0.0,825.0,825.0
57,Broffina,Chicken,Female,Snooty,Music,24-Oct,cluckadoo,K.K. Flamenco,Gorgeous,Elegant,Black,Red,purple desert-tile wall,rosewood flooring,1840;3951;1081;8465;4117;1288;3958;4017;794;3428;7235;3954;4027,chn12,XSjgXrChHy9Trd5Pa,0.0,214.0,214.0
58,Bruce,Deer,Male,Cranky,Nature,26-May,gruff,K.K. Blues,Cool,Simple,Black,Red,street-art wall,paintball flooring,1708;7654;2614;1567;146;4226;144;7159;3816;1185;2555;2553,der03,dzo5NgALeJ73j3sNd,818000.0,933.0,818933.0
59,Bubbles,Hippo,Female,Peppy,Fashion,18-Sep,hipster,K.K. Stroll,Active,Cute,Purple,Pink,perforated-board wall,pine-board flooring,7535;4226;3946;3960;4003;7529;7535;2012;2010;1744;3992;7264;955,hip02,K4k5ieRWQieA6Fqm8,2314100.0,538.0,2314638.0
60,Buck,Horse,Male,Jock,Fitness,4-Apr,pardner,My Place,Active,Simple,Gray,Brown,pastel dotted wall,green vinyl flooring,3205;3672;1792;4756;85;7134;4125;4762;3252;1870;2736,hrs00,Xi74RYjLgeBB8vopx,0.0,503.0,503.0
61,Bud,Lion,Male,Jock,Fitness,8-Aug,shredded,Aloha K.K.,Active,Simple,Green,Yellow,tropical vista,sandy-beach flooring,3468;1117;3977;664;664;3468;9584;3946;1708;669,lon00,WhJYGJgSfLF4ySXhh,0.0,260.0,260.0
62,Bunnie,Rabbit,Female,Peppy,Fashion,9-May,tee-hee,Forest Life,Cute,Cute,Green,Pink,purple dotted wall,white-paint flooring,2596;3251;7137;9502;7327;2560;7144;1032;2605;9766;4003;4111;1783;3400;3995;9542;7134;3467,rbt00,XNBZBNmNXxC5bxz4t,330100.0,1639.0,331739.0
63,Butch,Dog,Male,Cranky,Music,1-Nov,ROOOOOWF,K.K. Western,Cool,Simple,Blue,Gray,western vista,highway flooring,4759;1567;146;1185;3692;9568;1708;4759;4140;1881,dog01,NPbD69TfvJAorLZ9a,371450.0,836.0,372286.0
64,Buzz,Eagle,Male,Cranky,Nature,7-Dec,captain,Drivin',Simple,Active,Yellow,Red,summit wall,parking flooring,3946;2556;1802;971;1802;9767;4759;3947;1708,pbr03,LWLRkHDisDgGdJ5ju,0.0,200.0,200.0
65,Cally,Squirrel,Female,Normal,Nature,4-Sep,WHEE,K.K. Stroll,Cute,Elegant,Red,Green,backyard-fence wall,daisy meadow,7236;1628;2319;1170;1620;6080;1624;333;3396;1082,squ11,DvkaYEh9vM2SXJLCc,0.0,347.0,347.0
66,Camofrog,Frog,Male,Cranky,Music,5-Jun,ten-hut,K.K. Safari,Cool,Active,Blue,White,jungle wall,camo flooring,7142;3822;4081;533;1143;865;4038;331;4043;889;1432,flg03,5akmmJeoXXhcpdf8e,0.0,541.0,541.0
67,Canberra,Koala,Female,Big Sister,Play,14-May,nuh uh,K.K. Island,Active,Cool,Green,Light blue,tropical vista,starry-sands flooring,3684;5150;3345;665;7148;1117;664;3468;7259;7259,kal08,ugiHobiK9QnmA22ym,356450.0,894.0,357344.0
68,Candi,Mouse,Female,Peppy,Play,13-Apr,sweetie,Neapolitan,Simple,Cute,Light blue,Yellow,white painted-wood wall,mint dot flooring,2560;3438;7132;3998;3995;7137;7232;4003;4027;3490;7134,mus08,4CimNs6T9nDNQuiYH,595150.0,173.0,595323.0
69,Carmen,Rabbit,Female,Peppy,Fashion,6-Jan,nougat,K.K. Stroll,Elegant,Cute,Green,Beige,cute white wall,mint dot flooring,4053;1557;3995;4129;4045;7531;908;4027;3445;5543;1227;5543;4054;4338;4048;4030;4069;3252,rbt16,pAFu4JyZ333Ysoezk,0.0,838.0,838.0
70,Caroline,Squirrel,Female,Normal,Music,15-Jul,hulaaaa,Pondering,Cute,Gorgeous,Colorful,White,manga-library wall,wooden-knot flooring,3683;1598;9766;3697;3784;832;3195;4101;840;840;840;4122;4122;4122;7527;1899,squ06,Th3uHvMcYaf9eT2Df,0.0,655.0,655.0
71,Carrie,Kangaroo,Female,Normal,Nature,5-Dec,little one,I Love You,Cute,Cute,Red,Colorful,yellow playroom wall,cork flooring,928;3965;929;1757;3305;9766;3400;4030;3251;1229;3271;2560;7465;1845;1043;1888;7258;7132;3438;9502;4111;4017,kgr02,igeZhX3Fqa8LdKEra,398000.0,240.0,398240.0
72,Cashmere,Sheep,Female,Snooty,Fashion,2-Apr,baaaby,Farewell,Gorgeous,Elegant,Purple,Beige,rustic-stone wall,slate flooring,5970;4117;2605;1153;3943;3449;7133;4338;7538;3438;4230;7681;4119,shp04,dnRDXd86NcXDNHyf4,0.0,206.0,206.0
73,Celia,Eagle,Female,Normal,Nature,25-Mar,feathers,K.K. Soul,Elegant,Cute,Pink,Green,white botanical-tile wall,light herringbone flooring,4052;4051;4047;4049;1288;7236;2713;4054;3467;4046;4130;4111;3270,pbr09,L8cCZBvY4JW4KsDGy,837650.0,814.0,838464.0
74,Cesar,Gorilla,Male,Cranky,Fitness,6-Sep,highness,K.K. Cruisin',Cool,Elegant,Blue,Light blue,cityscape wall,simple blue flooring,4129;3681;4138;4046;4138;794;4138;1081;4138;4109;4109;3615;1845;9766;1798;4139;10244;4139;1870;4118;928,gor00,pDKMq8PfxWLXWrsvT,0.0,214.0,214.0
75,Chadder,Mouse,Male,Smug,Fitness,15-Dec,fromage,K.K. Soul,Elegant,Gorgeous,Black,Gray,cityscape wall,dark wood-pattern flooring,4015;1840;3468;4098;2776;3683;794;3971;4129;929;4030;3428,mus18,4BLXuRhdjJ9TzvRyA,347600.0,712.0,348312.0
76,Charlise,Bear,Female,Big Sister,Fitness,17-Apr,urgh,Mr. K.K.,Active,Cute,Red,Orange,tree-lined wall,racetrack flooring,2010;1598;4081;2010;3947;787;4226;3946;3960;1870,bea12,QqCXo64EBwXSrukSr,0.0,227.0,227.0
77,Cheri,Cub,Female,Peppy,Fashion,17-Mar,tralala,K.K. Disco,Simple,Cute,Yellow,Light blue,red dotted wall,simple white flooring,4125;3251;4132;2554;1757;928;4017;4030;7380;3624;3560;2776;4000;7380;3993;3672;4003;9766;1125,cbr10,MpumYkzF382cPoRt5,329350.0,1397.0,330747.0
78,Cherry,Dog,Female,Big Sister,Music,11-May,what what,K.K. D&B,Cool,Elegant,Black,Purple,cityscape wall,skull-print flooring,7235;1840;3468;3615;3943;3958;10244;4030;7232;4017;7232;7382,dog17,tafi3Cfsf4wbwC9LW,79850.0,5245.0,85095.0
79,Chester,Cub,Male,Lazy,Play,6-Aug,rookie,Imperial K.K.,Simple,Simple,Yellow,Green,bamboo-grove wall,bamboo flooring,5979;3555;10743;710;5978;5977;5977;710;7348;9698,cbr15,46bDn76rBA3hNjFZu,0.0,662.0,662.0
80,Chevre,Goat,Female,Normal,Education,6-Mar,la baa,K.K. Chorale,Cute,Elegant,Red,Pink,white botanical-tile wall,black iron-parquet flooring,4052;4051;7236;2554;1875;3681;998;4054;4114;6505,goa00,XutRmNyAP4NogwPaR,445800.0,2428.0,448228.0
81,Chief,Wolf,Male,Cranky,Music,19-Dec,harrumph,Rockin' K.K.,Cool,Simple,White,Gray,street-art wall,paintball flooring,7161;3948;1759;2556;1823;3193;787;2020;1889;3672;3965;1899;2432;8096;7404;870,wol00,d3STnZCPAxLzrEzMd,467600.0,1345.0,468945.0
82,Chops,Pig,Male,Smug,Education,13-Oct,zoink,K.K. Moody,Gorgeous,Elegant,Red,Green,black-crown wall,simple red flooring,863;742;794;1103;3561;3954;1081;3958;4029;3340,pig14,8t9Bc5vqJ2vbtcjf5,0.0,173.0,173.0
83,Chow,Bear,Male,Cranky,Fitness,22-Jul,aiya,Imperial K.K.,Cool,Gorgeous,Black,White,bamboo-grove wall,bamboo flooring,3553;3553;3553;3557;3557;3658;5979;3555;3555;710;794,bea03,M3LhuYKZCmR5K9ckA,0.0,234.0,234.0
84,Chrissy,Rabbit,Female,Peppy,Fashion,28-Aug,sparkles,Bubblegum K.K.,Cute,Cute,Pink,White,red dotted wall,cute red-tile flooring,3999;3624;4002;3996;4000;3997;4003;6675;4001;3998;3995,rbt13,pYMsB8AHagkRht8RX,401050.0,1984.0,403034.0
85,Claude,Rabbit,Male,Lazy,Nature,3-Dec,hopalong,Pondering,Simple,Simple,Black,Colorful,manga-library wall,simple white flooring,1241;3672;1759;2605;2560;4003;2554;3439;3438;7466;7599;2731,rbt11,PPFtt3uWkRQNMg2tZ,0.0,251.0,251.0
86,Claudia,Tiger,Female,Snooty,Music,22-Nov,ooh la la,K.K. Synth,Gorgeous,Elegant,Purple,White,cityscape wall,simple red flooring,3957;2554;790;3615;3971;1840;3971;4030;3951;4107;975;4017,tig05,xCyuFvwryTntgPgvW,384650.0,248.0,384898.0
87,Clay,Hamster,Male,Lazy,Nature,19-Oct,thump,K.K. Safari,Elegant,Simple,Beige,Brown,dig-site wall,dig-site flooring,3675;343;343;1430;295;3398;303;4073;7393;3398;2559,ham05,K9s2bvx54sfHw8mZ8,3503450.0,3172.0,3506622.0
88,Cleo,Horse,Female,Snooty,Education,9-Feb,sugar,K.K. Fusion,Cute,Elegant,Light blue,White,office wall,monochromatic tile flooring,3672;4125;3672;1708;832;832;4116;840;1744;3987;3987;1850;3560;840;1750;3590,hrs07,XwxskQMt5rJT8EnH5,380200.0,304.0,380504.0
89,Clyde,Horse,Male,Lazy,Play,1-May,clip clawp,Neapolitan,Simple,Cute,Green,White,orange wall,birch flooring,1792;7392;4546;1263;1241;3616;2713;7134;3975;4011;3976,hrs10,2iBqzRfTRaddw2EXi,0.0,174.0,174.0
90,Coach,Bull,Male,Jock,Fitness,29-Apr,stubble,Mr. K.K.,Active,Active,Blue,Red,chain-link fence,racetrack flooring,2010;3821;7535;4006;4006;4081;7535;2020;4226;4006;3946;7800;3960,bul07,mYwCLsd8MxLwWALjQ,0.0,394.0,394.0
91,Cobb,Pig,Male,Jock,Education,7-Oct,hot dog,Pondering,Simple,Active,White,Blue,gray shanty wall,concrete flooring,1434;4125;4125;4125;1750;3968;3943;7371;1759;4116;3672;3697;4034;7159;4034;1759;1759,pig08,mTNPvAaoYMmPndYnm,0.0,253.0,253.0
92,Coco,Rabbit,Female,Normal,Education,1-Mar,doyoing,K.K. Jongara,Simple,Cute,Beige,Green,rammed-earth wall,floral rush-mat flooring,4393;4073;343;343;3398;3398;3675;3229;3397;4073;4025;2559,rbt02,2g7sGcTtHcJeWtwNM,1244350.0,8801.0,1253151.0
93,Cole,Rabbit,Male,Lazy,Nature,10-Aug,coooooool,K.K. Faire,Simple,Cute,Orange,Colorful,tropical vista,sandy-beach flooring,3468;7259;665;664;669;1117;7148;7868;9584;3697;3345;7359,rbt18,YaWjP3XtbFqn8YPNd,554700.0,616.0,555316.0
94,Colton,Horse,Male,Smug,Nature,22-May,check it,K.K. Chorale,Gorgeous,Elegant,Blue,Red,palace wall,palace tile,7236;2554;5956;3681;3957;1875;742;915;685,hrs11,GgsrLhmh3FL4ZiAPB,341550.0,586.0,342136.0
95,Cookie,Dog,Female,Peppy,Fashion,18-Jun,arfer,Bubblegum K.K.,Cute,Cute,Green,Light blue,pink quilt wall,birch flooring,7134;3624;4001;3995;3998;3997;4002;4000;3996;4003;7322,dog08,YvNrsTEJsqkpdRNqL,707650.0,3642.0,711292.0
96,Cousteau,Frog,Male,Jock,Fitness,17-Dec,oui oui,Imperial K.K.,Elegant,Gorgeous,Green,Red,exquisite wall,imperial tile,10742;10742;7796;8415;3971;7797;3974;3970;329;7797;3972;794;7282,flg10,XPhZym7Wxu926eLD8,0.0,380.0,380.0
97,Cranston,Ostrich,Male,Lazy,Nature,23-Sep,sweatband,K.K. Faire,Simple,Cool,Beige,Brown,white subway-tile wall,stone tile,3971;3973;3974;3949;725;7348;7348;3972;3428;4338;997;7282;3970;8415,ost06,Wbivs7b7D3NZ7q9y9,389550.0,1146.0,390696.0
98,Croque,Frog,Male,Cranky,Nature,18-Jul,as if,K.K. Folk,Elegant,Cool,Red,Orange,autumn wall,colored-leaves flooring,7142;10743;533;533;533;3675;7345;7788;7390;7408,flg17,SqHZjtuNfu7DAXYDE,0.0,191.0,191.0
99,Cube,Penguin,Male,Lazy,Play,29-Jan,brainfreeze,Farewell,Simple,Cute,Yellow,Colorful,snowflake wall,simple white flooring,1557;2558;83;3205;1565;4279;7346;5543;4067;1561;1145;4003;1559,pgn02,YskkqbSnYwCh63Sru,350450.0,1227.0,351677.0
100,Curlos,Sheep,Male,Smug,Nature,8-May,shearly,K.K. Salsa,Active,Gorgeous,Red,Green,wild-wood wall,dark herringbone flooring,791;2554;7348;1803;1277;1177;4139;954;4123;4138;383;4144;704,shp08,B6tM7dBSpcaMrAGrF,338050.0,367.0,338417.0
101,Curly,Pig,Male,Jock,Fitness,26-Jul,nyoink,K.K. Reggae,Simple,Active,Yellow,Colorful,common wall,wooden-knot flooring,4030;2554;3251;2713;1232;8298;1229;5543;3439;4003;4118;7352;3282,pig00,kRGwwKyoSLKh9g2Tk,408150.0,167.0,408317.0
102,Curt,Bear,Male,Cranky,Nature,1-Jul,fuzzball,Comrade K.K.,Cool,Cool,Blue,White,chain-link fence,sandlot,787;1433;1434;4393;4094;7163;3229;3819;1429;3672;889,bea02,w7y7v3w49B7KkDXbg,0.0,327.0,327.0
103,Cyd,Elephant,Male,Cranky,Music,9-Jun,rockin',K.K. Metal,Cool,Active,Black,Yellow,skull wall,skull-print flooring,3943;3200;3195;1803;3270;9642;3193;3196;3559;132;4757,elp12,edCh8EDStBMbyskYa,312800.0,714.0,313514.0
104,Cyrano,Anteater,Male,Cranky,Education,9-Mar,ah-CHOO,K.K. Lament,Cool,Active,Yellow,Beige,shoji screen,tatami,722;3230;3658;3556;3554;7048;7047;716,ant00,JaNDeYdAuiJCYZbAx,0.0,240.0,240.0
105,Daisy,Dog,Female,Normal,Education,16-Nov,bow-WOW,Forest Life,Simple,Cute,Colorful,Blue,blue blossoming wall,simple white flooring,4125;4132;3701;3702;2560;4003;4111;7134;3467;7132;3252;7346,dog07,2u92atfG2uMg2J8sS,701470.0,2039.0,703509.0
106,Deena,Duck,Female,Normal,Education,27-Jun,woowoo,Mr. K.K.,Simple,Cute,Colorful,Blue,perforated-board wall,natural-block flooring,1875;3681;1058;1449;833;2012;1308;1308;4121;1744,duk04,dXBazBPxXu9QGrAzM,0.0,389.0,389.0
107,Deirdre,Deer,Female,Big Sister,Play,4-May,whatevs,K.K. Bossa,Simple,Simple,Orange,Orange,autumn wall,colored-leaves flooring,7142;4038;808;4003;6081;4708;805;1620;3808;6075;6078,der04,ibnMhhdYMGHYr9RAZ,403600.0,1443.0,405043.0
108,Del,Alligator,Male,Cranky,Fitness,27-May,gronk,Pondering,Cool,Simple,Blue,White,industrial wall,ship deck,3563;3943;3560;3992;1567;1567;8417;7529;7529;7526;4026;7280;7280;3560;7528;7262;7599;7280,crd04,Eqn3ZXJtMBrEYtm7u,118350.0,382.0,118732.0
109,Deli,Monkey,Male,Lazy,Nature,24-May,monch,K.K. Étude,Gorgeous,Elegant,Purple,Brown,blue simple-cloth wall,simple blue flooring,4125;3584;929;3701;3702;2554;3490;3438;2560;2605;7134;4111;1411;4003;1850;7467,mnk08,zh7aML2hmMKy5bbiR,0.0,660.0,660.0
110,Derwin,Duck,Male,Lazy,Play,25-May,derrrr,K.K. Stroll,Simple,Elegant,Yellow,Beige,backyard-fence wall,backyard lawn,4003;4379;4379;2329;3509;2329;1116;1631;1199,duk08,nBcDHyXheHurcisiL,0.0,373.0,373.0
111,Diana,Deer,Female,Snooty,Education,4-Jan,no doy,Farewell,Elegant,Gorgeous,Purple,Pink,white botanical-tile wall,stone tile,3468;4054;1840;4017;3983;4051;3340;7236;742;4046;10244,der08,QGyW9QJjjxo3jta6j,1252750.0,7155.0,1259905.0
112,Diva,Frog,Female,Big Sister,Fitness,2-Oct,ya know,K.K. Oasis,Gorgeous,Elegant,Purple,Light blue,ancient wall,rocky-mountain flooring,5959;5959;8702;8702;8825;3473;3772;5165;5165;5165,flg18,FmQ9x68HncTm8vdsG,0.0,608.0,608.0
113,Dizzy,Elephant,Male,Lazy,Play,14-Jul,woo-oo,Two Days Ago,Simple,Simple,Yellow,Blue,yellow playroom wall,backyard lawn,86;1558;3623;5543;4111;3584;85;3205;1557;1561,elp01,vthzJrsaM6Y7dykA5,426350.0,1151.0,427501.0
114,Dobie,Wolf,Male,Cranky,Nature,17-Feb,ohmmm,Agent K.K.,Simple,Cool,Brown,Beige,classic-library wall,dark herringbone flooring,3784;3561;1759;8036;3951;4106;4029;4034;4116;3672;1750;3672;3958;3783;794;1759;4110;1211,wol04,YjMXvmH5eovNYShdE,254750.0,2779.0,257529.0
115,Doc,Rabbit,Male,Lazy,Education,16-Mar,old bunny,Pondering,Simple,Elegant,Gray,Beige,classic-library wall,dark-block flooring,1326;3784;4125;4125;2012;3951;4106;794;3584;4030;4072;3683;3783;7348;7333;4016;1929,rbt10,iasth9JRLdRvLzuQ7,619200.0,378.0,619578.0
116,Dom,Sheep,Male,Jock,Play,18-Mar,indeedaroo,K.K. Country,Active,Cute,Red,Colorful,backyard-fence wall,backyard lawn,3675;1708;4038;5970;3962;5973;338;5973;4042;5973;1157;1631;1082;5973,shp15,T6YJZ7vj2X52zmDcp,997950.0,9864.0,1007814.0
117,Dora,Mouse,Female,Normal,Education,18-Feb,squeaky,K.K. Faire,Simple,Elegant,Blue,Light blue,dojo wall,floral rush-mat flooring,717;10743;739;3230;3557;7047;10742;3554;7048;7282,mus00,9Qpj5fqp4E8PvGGFw,581650.0,324.0,581974.0
118,Dotty,Rabbit,Female,Peppy,Fashion,14-Mar,wee one,Drivin',Simple,Cute,Blue,Black,green intricate wall,pine-board flooring,3251;4027;1845;2561;4132;928;2605;7134;3436;9766;7137;3438;3275;7354;3467;3282;4338,rbt01,CRMJaAokcTnrXsQdp,0.0,1221.0,1221.0
119,Drago,Alligator,Male,Lazy,Nature,12-Feb,burrrn,Imperial K.K.,Elegant,Gorgeous,Orange,Red,imperial wall,imperial tile,3971;6031;6031;7797;7796;8415;8415;3972;794;3970;3972;7021,crd08,qjqzytG4LCEoong4w,592100.0,1311.0,593411.0
120,Drake,Duck,Male,Lazy,Play,25-Jun,quacko,K.K. Blues,Cool,Simple,Brown,Red,cabin wall,common flooring,85;2605;3122;4572;4044;2560;4338;4119;8035;3438;742;2731,duk09,CKAsCWnKjfQYG8R7v,0.0,466.0,466.0
121,Drift,Frog,Male,Jock,Fitness,9-Oct,dribbit,K.K. Metal,Simple,Active,Orange,Red,gray shanty wall,skull-print flooring,941;3563;8417;3943;3200;3194;3196;132;4757;1288,flg04,gf6jM4si5zSEFjf9w,0.0,445.0,445.0
122,Ed,Horse,Male,Smug,Nature,16-Sep,greenhorn,K.K. Ballad,Gorgeous,Elegant,Black,Gray,blue delicate-blooms wall,rosewood flooring,2554;4015;3957;4106;3951;3949;4028;742;6545;796,hrs06,JmHu7aFcqj9hxKupZ,0.0,280.0,280.0
123,Egbert,Chicken,Male,Lazy,Play,14-Oct,doodle-duh,Lucky K.K.,Simple,Simple,Beige,Brown,cabin wall,wooden-knot flooring,3468;3468;1232;4015;3689;3689;4044;4044;4037;7333;7333;4042;7333;1892;4048,chn02,jRwtNxCCWuznSMCZy,470300.0,519.0,470819.0
124,Elise,Monkey,Female,Snooty,Fashion,21-Mar,puh-lease,K.K. Bossa,Elegant,Gorgeous,Purple,Red,abstract wall,simple purple flooring,3971;3957;4053;3615;4046;3784;4129;4027;3958;4015;3783;794;1211,mnk05,taRZ4jRFMGPkxCZo4,0.0,189.0,189.0
125,Ellie,Elephant,Female,Normal,Nature,12-May,li'l one,K.K. Ballad,Simple,Cute,Gray,Pink,beige art-deco wall,rose flooring,4132;1081;3681;3957;3951;3959;794;1042;7368;4027;3958;4069;7137,elp07,odt2kdswLHE2YMkQd,138000.0,1327.0,139327.0
126,Elmer,Horse,Male,Lazy,Play,5-Oct,tenderfoot,K.K. Country,Simple,Cool,Blue,White,backyard-fence wall,backyard lawn,4038;5970;7142;3675;880;1631;5972;4043;3229;1708,hrs03,LcRhQqeH8u7PboJ73,474250.0,304.0,474554.0
127,Eloise,Elephant,Female,Snooty,Fashion,8-Dec,tooooot,K.K. Soul,Elegant,Simple,Green,Orange,yellow intricate wall,brown floral flooring,929;4052;4049;4053;4109;3275;4054;4076;3775;998;1050;3975;796,elp03,6QughAEZFkYZ5vKpw,486250.0,357.0,486607.0
128,Elvis,Lion,Male,Cranky,Education,23-Jul,unh-hunh,K.K. Casbah,Gorgeous,Elegant,Red,Black,palace wall,palace tile,5955;5956;5961;5963;5956;5963;3473;5964;8825;5959;3810,lon01,4jYpCpw9nooMZHR8s,568200.0,523.0,568723.0
129,Erik,Deer,Male,Lazy,Nature,27-Jul,chow down,Drivin',Simple,Simple,Beige,Red,ski-slope wall,ski-slope flooring,7281;3497;4003;3502;3505;3498;3503,der09,BJcXu5LtRBo8DdZ2v,987200.0,9850.0,997050.0
130,Eugene,Koala,Male,Smug,Music,26-Oct,yeah buddy,Agent K.K.,Cool,Gorgeous,Black,Gray,office wall,monochromatic tile flooring,1232;7161;4116;7529;7529;1744;2014;1850;3672;1750;2014;1750;1870;3672;3822;1288,kal10,2XX9mSSzxEhwXMi4f,672200.0,1139.0,673339.0
131,Eunice,Sheep,Female,Normal,Fashion,3-Apr,lambchop,K.K. Disco,Simple,Elegant,Beige,Orange,blue tile wall,blue rubber flooring,1227;1227;1227;1227;1227;1227;1227;1227;7529;1802;1165;2556;7529;1227;1227;7529;1227;7529;1227;3560;4048;3431;3697;3586;1744,shp02,dbAfEFetNQpXajtch,0.0,573.0,573.0
132,Fang,Wolf,Male,Cranky,Education,18-Dec,cha-chomp,K.K. Steppe,Simple,Cool,White,Light blue,arched-window wall,brown honeycomb tile,3957;790;2554;3956;3954;3951;1145;742;870;2561,wol06,PFvvq6NGpsRgCwg2z,702600.0,3522.0,706122.0
133,Fauna,Deer,Female,Normal,Nature,26-Mar,dearie,K.K. Stroll,Simple,Cute,Beige,White,red-brick wall,mint dot flooring,1557;1558;928;3251;2558;1561;4338;1565;9766;3618;915;4445;6078;5543;870,der00,kB5jGQAqkLnh8LxWy,552900.0,10248.0,563148.0
134,Felicity,Cat,Female,Peppy,Fashion,30-Mar,mimimi,K.K. Stroll,Cute,Cute,Yellow,Orange,backyard-fence wall,daisy meadow,1829;1829;1631;4038;4003;1627;1626;331;1625;333;1620,cat17,ygF99DNm88JRXvKLi,0.0,1016.0,1016.0
135,Filbert,Squirrel,Male,Lazy,Nature,3-Jun,bucko,Stale Cupcakes,Simple,Cute,Blue,White,starry-sky wall,blue dot flooring,4761;3122;6829;2605;7133;6827;7133;3584;7253;6826;5543;3438;7134;3623;6827;7258;4003;6827,squ02,ffo6sBoX9fkMB4bem,242800.0,3994.0,246794.0
136,Flip,Monkey,Male,Jock,Music,21-Nov,rerack,K.K. Rally,Active,Simple,Blue,Yellow,cherry-blossom-trees wall,gravel flooring,10743;1185;1802;1234;6831;6831;710;2014;954;3400;4026;10742;3617;667,mnk06,ADkNZkrRxdSrfGFH8,863350.0,428.0,863778.0
137,Flo,Penguin,Female,Big Sister,Music,2-Sep,cha,Space K.K.,Cool,Gorgeous,Red,Purple,ice wall,ice flooring,7235;4015;3498;3498;4054;1929;4338;8394;3562;998;4279;928;3559;3428,pgn13,6cB5T5yZtevY6d2jp,585400.0,848.0,586248.0
138,Flora,Ostrich,Female,Peppy,Play,9-Feb,pinky,K.K. Condor,Cute,Active,Colorful,Pink,meadow vista,oasis flooring,5972;335;336;335;336;1434;4042;3697;1429,ost09,eDX52Zi7H7qifrwYm,0.0,3834.0,3834.0
139,Flurry,Hamster,Female,Normal,Nature,30-Jan,powderpuff,Hypno K.K.,Elegant,Cute,Red,Pink,beige blossoming wall,arabesque flooring,3681;2561;2560;9766;928;3949;1798;3251;7134;3122;957;4003;2605;1081;1348,ham06,B4cpBYrewfSK3WN6M,710900.0,2898.0,713798.0
140,Francine,Rabbit,Female,Snooty,Fashion,22-Jan,karat,K.K. Cruisin',Elegant,Gorgeous,Blue,Black,cute blue wall,blue dot flooring,4053;4052;4017;4030;3995;4000;3999;4002;2560;4001;6676;4338;1757;3996,rbt12,eJZX7wDRYqatmKBKr,615300.0,1281.0,616581.0
141,Frank,Eagle,Male,Cranky,Education,30-Jul,crushy,K.K. Casbah,Gorgeous,Cool,Brown,Yellow,gray shanty wall,boxing-ring mat,4015;1452;7152;4013;833;3560;1232;787;7800,pbr06,8BgXtjz2mfGBrZwCm,0.0,217.0,217.0
142,Freckles,Duck,Female,Peppy,Fashion,19-Feb,ducky,Marine Song 2001,Simple,Cute,Green,Colorful,lattice wall,bamboo flooring,4026;3943;7047;3672;3064;2274;3587;739;3583;3697;7369;3583;3615;724;7369;3699;3583;3583;4118,duk07,AcYKxih6FpRRyZDs4,732500.0,745.0,733245.0
143,Freya,Wolf,Female,Snooty,Fashion,14-Dec,uff da,Lucky K.K.,Elegant,Cool,Green,Blue,heavy-curtain wall,rose flooring,3957;3955;3950;3950;1058;4028;3958;2772;3952;742;794;4230;1652,wol05,qyoMuqvPA4Wqp3Ybn,0.0,1180.0,1180.0
144,Friga,Penguin,Female,Snooty,Fashion,16-Oct,brrrmph,Farewell,Elegant,Gorgeous,Pink,Black,white subway-tile wall,stone tile,4052;4049;4047;4053;4048;2776;4051;3683;3498;1757;4045;4046;4054;4050;929;4030;4017;4003,pgn04,uk9DGWqzxRT4TEJbm,432300.0,241.0,432541.0
145,Frita,Sheep,Female,Big Sister,Music,16-Jul,oh ewe,K.K. Rockabilly,Active,Cute,Yellow,Red,pink diner wall,yellow floral flooring,791;1802;971;7392;1866;4143;4142;918;4139;954;3416,shp11,79EahCMHHzp3BwH7x,699250.0,804.0,700054.0
146,Frobert,Frog,Male,Jock,Fitness,8-Feb,fribbit,K.K. Ragtime,Active,Simple,Blue,Colorful,green playroom wall,green vinyl flooring,3122;3438;2731;7524;4759;2560;4132;7528;3439;4756;7338;4757;4753;7454,flg02,YXidGR87Fi7mov7Po,0.0,317.0,317.0
147,Fuchsia,Deer,Female,Big Sister,Music,19-Sep,precious,K.K. Rock,Cool,Cool,Pink,Pink,pink shanty wall,brown floral flooring,2554;4129;3997;3195;3995;3621;4003;849;4002;3428;3996;1644,der06,Z98WrodjQxXZAACLA,606250.0,1507.0,607757.0
148,Gabi,Rabbit,Female,Peppy,Fashion,16-Dec,honeybun,Neapolitan,Cute,Gorgeous,Brown,Red,beaded-curtain wall,orange retro flooring,928;4017;4030;3971;1757;3439;4003;2740;2776;2713;3683;3270;3618,rbt05,WC97mFMgiZixDfcRZ,0.0,288.0,288.0
149,Gala,Pig,Female,Normal,Education,5-Mar,snortie,Animal City,Cute,Elegant,Pink,White,stately wall,light wood-pattern flooring,2554;7348;5931;3672;1750;3784;742;794;1165;3958;3783;9814;1850;839;839;1744;7453;3065,pig13,84NHBxaLCDPy48Xpx,468300.0,967.0,469267.0
150,Gaston,Rabbit,Male,Cranky,Education,28-Oct,mon chou,K.K. Song,Simple,Gorgeous,Brown,Orange,ramshackle wall,ramshackle flooring,4008;717;3229;4393;7161;4038;10742;7160;5970;3697;7345,rbt04,5TXosg4PLkG4jZ3AD,351150.0,449.0,351599.0
151,Gayle,Alligator,Female,Normal,Nature,17-May,snacky,Bubblegum K.K.,Cute,Cute,Pink,White,pink quilt wall,pine-board flooring,3995;3624;3999;4001;3998;2561;7134;3996;1870;4000;4003,crd07,HY5swi9u3np5LyR8Q,468350.0,1614.0,469964.0
152,Genji,Rabbit,Male,Jock,Fitness,21-Jan,mochi,King K.K.,Elegant,Simple,Green,Purple,gold-screen wall,mossy-garden flooring,3580;7393;6031;716;710;7282;5976;677;7391;725,rbt08,zFPwakzpAr8fmL4FM,444300.0,2759.0,447059.0
153,Gigi,Frog,Female,Snooty,Fashion,11-Aug,ribbette,K.K. Swing,Gorgeous,Elegant,Black,White,purple-rose wall,purple desert-tile flooring,7235;3683;998;4080;4015;1227;3951;4048;794;10244;3428,flg16,QX93pNfztrLZvLxdC,0.0,188.0,188.0
154,Gladys,Ostrich,Female,Normal,Education,15-Jan,stretch,K.K. Folk,Elegant,Cute,Green,Pink,shoji screen,tatami,4033;7047;7865;7682;1029;725;3230;7048;7681,ost01,ZSLn6jgRc5W4oZA4f,583950.0,720.0,584670.0
155,Gloria,Duck,Female,Snooty,Fashion,12-Aug,quacker,Animal City,Gorgeous,Elegant,Black,Gray,café-curtain wall,sidewalk flooring,3509;3509;8031;3816;3816;1092;144;4070,duk15,7iiegnbmMRDeDaC3t,1210150.0,189.0,1210339.0
156,Goldie,Dog,Female,Normal,Nature,27-Dec,woof,K.K. Bossa,Simple,Cute,Yellow,Orange,modern wood wall,light parquet flooring,2554;3681;7334;3122;1558;1561;1557;4069;4119;4003;1565;1081,dog00,RdpZtkYzLeivKyx7Z,300.0,4186.0,4486.0
157,Gonzo,Koala,Male,Cranky,Nature,13-Oct,mate,Surfin' K.K.,Simple,Cool,Black,Green,cabin wall,wooden-knot flooring,4117;4043;5970;3270;3282;704;4041;9314;4036;4338,kal04,SFkpDu8Bxgot4ShcP,1478950.0,601.0,1479551.0
158,Goose,Chicken,Male,Jock,Fitness,4-Oct,buh-kay,K.K. Country,Simple,Active,Blue,White,green painted-wood wall,artsy parquet flooring,3439;1913;3122;2605;3251;2713;3438;787;2560;3818;4123,chn00,5iSyoeFknLsoYManw,0.0,486.0,486.0
159,Graham,Hamster,Male,Smug,Education,20-Jun,indeed,Bubblegum K.K.,Simple,Cool,Green,Orange,server-room wall,monochromatic tile flooring,793;875;1126;929;1126;4125;1759;7159;7161;7528;10515;7160;2492;10514;1850;3590,ham02,D86CPtiT7ssiFexPE,642500.0,503.0,643003.0
160,Greta,Mouse,Female,Snooty,Education,5-Sep,yelp,Comrade K.K.,Elegant,Simple,Pink,Purple,modern shoji-screen wall,common flooring,5970;717;2736;787;3230;4106;7047;722;725;3658;7369;7369;7282;7369;7369,mus16,jKZuhKCACcaqpDCNQ,0.0,158.0,158.0
161,Grizzly,Bear,Male,Cranky,Education,31-Jul,grrr,K.K. Condor,Cool,Simple,Red,Black,starry-sky wall,Saharah's desert,1433;4038;1430;1432;1434;4042;889,bea09,ePDrk4wsbfZAu4rA3,425050.0,433.0,425483.0
162,Groucho,Bear,Male,Cranky,Music,23-Oct,grumble,K.K. Metal,Cool,Simple,Black,Gray,gray shanty wall,skull-print flooring,3561;3943;2554;849;3563;3992;3560;1644;4754;4757;3194;4081;4105,bea06,QC3CiJqhhcm9WpAho,0.0,314.0,314.0
163,Gruff,Goat,Male,Cranky,Music,29-Aug,bleh eh eh,K.K. Rockabilly,Cool,Gorgeous,Purple,Black,rustic-stone wall,gray vinyl flooring,937;791;1045;863;1803;4139;4144;4141,goa04,oTGj76upYyWRcG34C,0.0,254.0,254.0
164,Gwen,Penguin,Female,Snooty,Fashion,23-Jan,h-h-h-hon,Drivin',Gorgeous,Elegant,Green,White,ice wall,ice flooring,3468;1840;5165;3498;3498;4017;3505;4338;3502;9766;4279;4030,pgn05,jFBkwJJrXK4mJ2giR,675800.0,179.0,675979.0
165,Hamlet,Hamster,Male,Jock,Play,30-May,hammie,K.K. Reggae,Simple,Active,Purple,Blue,blue playroom wall,colorful puzzle flooring,4759;5543;1558;3205;4758;1241;3584;4762;3623;4760;3208;7258,ham00,LA2HHrtZ6beHgmKpL,669850.0,1501.0,671351.0
166,Hamphrey,Hamster,Male,Cranky,Nature,25-Feb,snort,Comrade K.K.,Cool,Simple,Gray,Beige,screen wall,rush tatami,7452;3580;2771;7048;3230;787;5636;1849,ham07,bp3ns8FmZnYBL7CqD,538250.0,508.0,538758.0
167,Hans,Gorilla,Male,Smug,Fitness,5-Dec,groovy,K.K. Sonata,Elegant,Gorgeous,Gray,Blue,ski-slope wall,ski-slope flooring,1429;5970;7281;533;533;5972;533;1434;1430;4042;530;530;889;3697,gor10,rAgKSRJPoazkBPS5d,450300.0,365.0,450665.0
168,Harry,Hippo,Male,Cranky,Education,7-Jan,beach bum,K.K. Rally,Cool,Simple,Green,Orange,aqua tile wall,white mosaic-tile flooring,3468;4017;7153;3689;3553;1111,hip08,dtAkeJzvhPfGXH7pk,653440.0,154.0,653594.0
169,Hazel,Squirrel,Female,Big Sister,Play,30-Aug,uni-wow,DJ K.K.,Active,Cute,Red,Yellow,dojo wall,wooden-knot flooring,7529;1181;1181;4226;2010;787;1744;7264,squ18,PfTkvEmpjE2HR3SeD,671450.0,1384.0,672834.0
170,Henry,Frog,Male,Smug,Music,21-Sep,snoozit,K.K. Soul,Cool,Simple,Light blue,Blue,rustic-stone wall,modern wood flooring,4109;4129;3943;4118;7334;3193;4338;3191;918;920;3251;3271;3200;3270;928;1845;3562;1043;954;3282,flg19,RNats2ap2rGvbdcKn,472550.0,1330.0,473880.0
171,Hippeux,Hippo,Male,Smug,Education,15-Oct,natch,K.K. Sonata,Elegant,Gorgeous,Brown,Green,arched-window wall,dark herringbone flooring,1875;3681;2554;3958;1042;4053;4052;4106;4054;794;4046;4050,hip09,WjAPWpCx6bTjKiZjw,0.0,331.0,331.0
172,Hopkins,Rabbit,Male,Lazy,Nature,11-Mar,thumper,Pondering,Simple,Active,Blue,Yellow,concrete wall,cool vinyl flooring,8226;8226;8225;3428;8225;1802;8227;8227;971;1165;957;955;12207,rbt14,EeTwHAQeWyShyg7pm,321900.0,557.0,322457.0
173,Hopper,Penguin,Male,Cranky,Music,6-Apr,slushie,Comrade K.K.,Cool,Simple,Yellow,Red,iceberg wall,iceberg flooring,3468;533;533;3500;3398;1111;5337;3697;3500,pgn03,FP3bdBM2RSjWTXYHK,514950.0,524.0,515474.0
174,Hornsby,Rhino,Male,Lazy,Nature,20-Mar,schnozzle,K.K. Lament,Simple,Simple,Green,Brown,dirt-clod wall,rush tatami,787;3230;9766;1870;1823;7048;7047;1861;739;3672;3622;3586;957;3672,rhn04,KuDi35nStc6mtd3F8,426750.0,1941.0,428691.0
175,Huck,Frog,Male,Smug,Fitness,9-Jul,hopper,To The Edge,Simple,Cool,Green,Yellow,straw wall,dirt flooring,7142;1120;717;7345;7393;4043;4073;3675;10743;4037;2559,flg11,KWx6zRZpPoaQy2PMD,456150.0,278.0,456428.0
176,Hugh,Pig,Male,Lazy,Play,30-Dec,snortle,My Place,Simple,Active,Beige,Yellow,blue playroom wall,colorful puzzle flooring,1434;4003;4109;4135;6033;3582;7392;3672;975;4279;1870;3672;3672;3672;7371;1759;3431;3282;3672;3251;1845,pig03,Ko7gAjWQAY3PY5DLi,0.0,502.0,502.0
177,Iggly,Penguin,Male,Jock,Fitness,2-Nov,waddler,I Love You,Active,Simple,Red,Blue,ice wall,ice flooring,1866;3416;4066;4066;3505;3497;4279;4279;4279;3497;4279;4279;4279;4003;667,pgn11,qZtYZEyzeZv2qhoJD,0.0,459.0,459.0
178,Ike,Bear,Male,Cranky,Nature,16-May,roadie,K.K. Rock,Cool,Cool,Green,Blue,shutter wall,steel flooring,3563;3943;1241;4081;7190;3992;875;7528;7454;3560;4687;3697;8417,bea11,BvhNkdNxf2kJue7kp,0.0,198.0,198.0
179,Jacob,Bird,Male,Lazy,Nature,24-Aug,ya feel,K.K. Song,Simple,Simple,Green,Red,garbage-heap wall,garbage-heap flooring,7142;5972;3675;4038;3697;3229;5973;3672;1823,brd11,HBYP4stJTe3eGEepn,613750.0,409.0,614159.0
180,Jacques,Bird,Male,Smug,Music,22-Jun,zut alors,K.K. Technopop,Cool,Simple,Green,Black,concrete wall,steel flooring,4138;1165;4139;4441;941;1850;4144;6827;4138;4143;1171;4141;955;6827;6827,brd16,sXDhuuCThhtuQRDAe,621950.0,578.0,622528.0
181,Jambette,Frog,Female,Normal,Fashion,27-Oct,croak-kay,K.K. Cruisin',Cool,Cool,Brown,Brown,botanical-tile wall,rosewood flooring,4052;4049;4054;790;4051;4132;4046;7353;1797;4130,flg13,9bG8kLsEtaodApHoX,0.0,292.0,292.0
182,Jay,Bird,Male,Jock,Fitness,17-Jul,heeeeeyy,K.K. Country,Active,Active,Blue,Light blue,stacked-wood wall,rosewood flooring,4037;4094;4038;4043;3675;331;4042;7142;3697;4130,brd00,zv7EfaEb2TnPwmQxe,0.0,370.0,370.0
183,Jeremiah,Frog,Male,Lazy,Play,8-Jul,nee-deep,Hypno K.K.,Simple,Simple,Orange,Yellow,blue playroom wall,blue dot flooring,1792;5543;3623;86;2560;4003;3995;2605;3208;3438;7134;4111;4308,flg07,Z9mmrgQ578rPeLdjp,223150.0,985.0,224135.0
184,Jitters,Bird,Male,Jock,Fitness,2-Feb,bzzert,K.K. Adventure,Active,Active,Yellow,Orange,stadium wall,backyard lawn,2010;2010;7264;2020;1149,brd04,TksYZm8hEYAeDWD2X,0.0,485.0,485.0
185,Joey,Duck,Male,Lazy,Play,3-Jan,bleeeeeck,Marine Song 2001,Simple,Simple,Green,Blue,tropical vista,sandy-beach flooring,7148;4048;3348;9584;664;1117;1708;3684;7358;3345,duk01,EkpmSi299YR9BP96Y,573600.0,955.0,574555.0
186,Judy,Cub,Female,Snooty,Music,10-Mar,myohmy,K.K. Lullaby,Cute,Elegant,Pink,White,starry wall,blue dot flooring,6827;6827;6827;6827;1557;6827;6827;1565;6827;3208;1559;5543;6827;6827;6827;6827;6827;1836;2558;1558;4111;1561;3205,cbr19,nEbMBNS4EztR8Ysxv,1569200.0,13054.0,1582254.0
187,Julia,Ostrich,Female,Snooty,Education,31-Jul,dahling,K.K. Sonata,Elegant,Gorgeous,Purple,Red,green molded-panel wall,simple blue flooring,4052;4048;4015;4054;3468;4051;4047;4046;4338;7382;4080;4030;7382,ost05,z8F5zPavZfhe6xqEi,739750.0,1214.0,740964.0
188,Julian,Horse,Male,Smug,Music,15-Mar,glitter,Space K.K.,Gorgeous,Cool,Purple,Blue,starry-sky wall,cloud flooring,5956;5959;6827;3774;5955;5960;3961;5962;6829;6827;6827;6827;5954;6827;6827;5964;6827;6827;5957;5961;6827;6827;6827;5963;5958;6827,hrs13,CqhXFKr8hdfYSYpRA,1188050.0,4896.0,1192946.0
189,June,Cub,Female,Normal,Nature,21-May,rainbow,K.K. Island,Cute,Simple,White,Red,ocean-horizon wall,starry-sands flooring,3977;3983;5150;3984;3982;3978,cbr13,kYaqSE3C2y7EYSXfi,0.0,1542.0,1542.0
190,Kabuki,Cat,Male,Cranky,Music,29-Nov,meooo-OH,K.K. Jongara,Simple,Simple,Purple,Red,dojo wall,tatami,3553;3553;2775;3230;4008;3580;725;5636,cat09,d2DY8aRv5AfFtkneg,768500.0,2587.0,771087.0
191,Katt,Cat,Female,Big Sister,Music,27-Apr,purrty,K.K. Disco,Cool,Cool,Purple,Black,white perforated-board wall,steel flooring,849;1823;3672;3672;957;1645;1803;1241;3672;1861;3559;950;4338;4141,cat21,6rE8fTRLqKCERS4dQ,549450.0,1924.0,551374.0
192,Keaton,Eagle,Male,Smug,Music,1-Jun,wingo,Drivin',Gorgeous,Cool,Blue,White,tree-lined wall,parking flooring,4759;4759;1881;146;146;7262;4759;4140;144;3556;3672;1708,pbr08,WRueK9fukhKgMrWZa,0.0,388.0,388.0
193,Ken,Chicken,Male,Smug,Education,23-Dec,no doubt,K.K. Rally,Cool,Simple,Purple,Blue,standard tearoom wall,tatami,3622;722;7391;725;10743;10742;3802;3407;5636;7282,chn13,gQZ4xwZeRvqmswoGY,600700.0,513.0,601213.0
194,Ketchup,Duck,Female,Peppy,Play,27-Jul,bitty,Neapolitan,Cute,Cute,Light blue,White,ivy wall,backyard lawn,4003;1157;1143;5970;1631;3962;2020;4043;3619;3946;7405;1082;3960,duk13,CaQE3xJ4A7tgQXDMW,268630.0,6384.0,275014.0
195,Kevin,Pig,Male,Jock,Play,26-Apr,weeweewee,K.K. Rockabilly,Active,Simple,Black,Red,gray shanty wall,concrete flooring,1452;4026;4013;7845;9766;7800;7339;7529;7152;3672;7151;787;3431,pig15,fGznAwhaxGN66K38Q,0.0,304.0,304.0
196,Kid Cat,Cat,Male,Jock,Fitness,1-Aug,psst,Go K.K. Rider,Active,Simple,Red,Red,chain-link fence,sandlot,1452;2556;7845;1567;144;2614;4226;3672;787,cat10,Jd6z54x98v4uJhubB,0.0,2297.0,2297.0
197,Kidd,Goat,Male,Smug,Education,28-Jun,wut,K.K. Tango,Elegant,Cool,Gray,White,gray molded-panel wall,purple desert-tile flooring,2554;4052;4080;4129;2776;1851;742;794;4046;4030;4114;4017,goa07,Pv4qNLnQ4NquvddfQ,542750.0,1182.0,543932.0
198,Kiki,Cat,Female,Normal,Education,8-Oct,kitty cat,Only Me,Simple,Simple,Brown,Beige,mod wall,simple white flooring,3950;1081;3952;8465;3271;4003;915;3270;3943,cat04,QTwru2TFs99vCznLg,50.0,3087.0,3137.0
199,Kitt,Kangaroo,Female,Normal,Education,11-Oct,child,Stale Cupcakes,Elegant,Simple,Purple,Red,arched-window wall,simple white flooring,4041;1081;3681;3270;4043;4027;3282;6818;5543;742;8395;9547;88;794;1495,kgr00,jjReK7y42rnNZmQe6,0.0,353.0,353.0
200,Kitty,Cat,Female,Snooty,Fashion,15-Feb,mrowrr,K.K. Chorale,Elegant,Gorgeous,Green,Gray,blue molded-panel wall,arabesque flooring,3951;3957;1081;2554;3681;4106;742;794,cat14,E6MnPthbMdNSvhHE5,120.0,282.0,402.0
201,Klaus,Bear,Male,Smug,Education,31-Mar,strudel,K.K. Sonata,Simple,Simple,Gray,White,stately wall,stone tile,1840;4098;2776;3468;4073;5959;5956;5338;794;4017,bea14,cFgAWnZ4nhq7DfrN7,749400.0,465.0,749865.0
202,Knox,Chicken,Male,Cranky,Education,23-Nov,cluckling,K.K. Chorale,Elegant,Gorgeous,Brown,Red,palace wall,palace tile,1081;5956;7348;7348;8825;8825;8825;8825;3772;3772;3772;3772;5959;794,chn11,25GGGSHzwEnKmepJk,416850.0,313.0,417163.0
203,Kody,Cub,Male,Jock,Fitness,28-Sep,grah grah,My Place,Active,Simple,Colorful,White,blue playroom wall,blue dot flooring,4759;4761;3439;5543;3122;4762;3438;3449;4111;2560;4756;4753;4003,cbr04,j9pPANZ9zsm6Mobh2,465500.0,287.0,465787.0
204,Kyle,Wolf,Male,Smug,Music,6-Dec,alpha,K.K. Metal,Gorgeous,Cool,Black,White,gray shanty wall,steel flooring,1875;3681;1803;950;4338;9503;1645;1412;849;7161,wol10,Q68JosFG2FvzG7QC3,100.0,1952.0,2052.0
205,Leonardo,Tiger,Male,Jock,Fitness,15-May,flexin',K.K. Metal,Active,Gorgeous,Red,Blue,skull wall,leopard-print flooring,8096;4441;4138;3943;3200;7525;1644;950;7257;7528;3672;4687;1850;796,tig04,bZqAHvDsp82Ptify8,503550.0,308.0,503858.0
206,Leopold,Lion,Male,Smug,Education,14-Aug,lion cub,Mr. K.K.,Elegant,Gorgeous,Purple,Green,green painted-wood wall,natural-block flooring,1326;833;3584;2014;3968;2014;4099;870;1330;3428;1750;2013;833,lon04,nn3GdKz434cBryvyC,623000.0,345.0,623345.0
207,Lily,Frog,Female,Normal,Education,4-Feb,toady,Farewell,Cute,Simple,White,Yellow,misty-garden wall,blue dot flooring,3251;4052;1757;4017;3445;3683;5543;4048;4046;4003;4054;7234;9766;3400;4030;5338;5338,flg00,CQG32Qp7hhepeaRbg,0.0,2992.0,2992.0
208,Limberg,Mouse,Male,Cranky,Education,17-Oct,squinky,K.K. Folk,Simple,Cool,Green,Blue,autumn wall,mossy-garden flooring,10743;7408;1111;4271;4271;7788;7390,mus01,BnXXdXegMXE9HmZiy,0.0,152.0,152.0
209,Lionel,Lion,Male,Smug,Music,29-Jul,precisely,K.K. Moody,Gorgeous,Active,Green,Gray,cityscape wall,simple blue flooring,1840;3957;2554;3958;3951;794;3784;9766;2731;3783,lon08,EQYQEL4crTYEN9yJs,462100.0,433.0,462533.0
210,Lobo,Wolf,Male,Cranky,Education,5-Nov,ah-rooooo,K.K. Rock,Cool,Active,Black,Beige,rustic-stone wall,rosewood flooring,793;4037;8417;4041;4044;3064;4036;4043;4119;2770;3943;3992;3967,wol01,9QsHyDimk75LPvBsn,40.0,924.0,964.0
211,Lolly,Cat,Female,Normal,Music,27-Mar,bonbon,Forest Life,Simple,Simple,Gray,Pink,modern wood wall,green vinyl flooring,2554;1557;4109;3449;1561;4338;1558;998;3122;4111;3208;3785;3785,cat18,ucvTsRXewrZsFj64Y,227030.0,7961.0,234991.0
212,Lopez,Deer,Male,Smug,Education,20-Aug,badoom,K.K. Jazz,Gorgeous,Gorgeous,Gray,Gray,modern wood wall,modern wood flooring,4117;2713;3200;1103;3270;3951;4338;3275;3340;3195;954;3271;1043;3993;7334;704,der05,wBJRdKXMHcPyHDPEj,848900.0,1166.0,850066.0
213,Louie,Gorilla,Male,Jock,Fitness,26-Mar,hoo hoo ha,K.K. Fusion,Active,Simple,Gray,Red,white perforated-board wall,colorful tile flooring,4015;1452;7528;1232;833;7845;287;4013;1816;3307;4046;787;546;3428;4099;7380;7380;4133;7800,gor04,emwaesnBa9EmWvW89,369650.0,208.0,369858.0
214,Lucha,Bird,Male,Smug,Fitness,12-Dec,cacaw,K.K. Western,Active,Cool,Black,Gray,ringside seating,boxing-ring mat,1452;4013;7151;7152;7653;7528;1708,brd15,se8G8LxivnMhgBiRE,0.0,272.0,272.0
215,Lucky,Dog,Male,Lazy,Play,4-Nov,rrr-owch,K.K. Dirge,Simple,Simple,Beige,White,ramshackle wall,swamp flooring,2592;343;343;3446;3446;3446;4271;1326;4757,dog02,WtvwKvChcpgZ4WcQB,485930.0,8195.0,494125.0
216,Lucy,Pig,Female,Normal,Music,2-Jun,snoooink,K.K. Sonata,Cute,Elegant,Pink,Red,heavy-curtain wall,wooden-knot flooring,7348;7348;1875;7348;7348;3681;3958;794;7529;7529;7529;7529;1221;7527;7527,pig04,8FpMvE2W6YJtmTpiQ,0.0,338.0,338.0
217,Lyman,Koala,Male,Jock,Play,12-Oct,chips,K.K. Safari,Simple,Active,Light blue,Yellow,jungle wall,light parquet flooring,3623;3943;2605;4129;1913;3439;7353;2560;7454;4757,kal09,cnByupc7McZQg8sNJ,0.0,1234.0,1234.0
218,Mac,Dog,Male,Jock,Fitness,11-Nov,woo woof,My Place,Active,Cool,Red,Black,ivy wall,sandlot,1631;7142;1799;3348;7802;3229;1620;4113;4393;4042;1432;3697,dog14,bLyixhvrCHgBYzvoX,200.0,601.0,801.0
219,Maddie,Dog,Female,Peppy,Play,11-Jan,yippee,K.K. Stroll,Simple,Cute,Purple,Pink,meadow vista,wildflower meadow,4003;6033;7599;975;2614;3962;3064;1082;4042;3619;3960;7463,dog09,ebHEDLT4WnnnPtDzK,784900.0,915.0,785815.0
220,Maelle,Duck,Female,Snooty,Fashion,8-Apr,duckling,Café K.K.,Cool,Simple,Pink,White,tree-lined wall,sidewalk flooring,1626;1626;7236;1185;4412;1866;1627;3270;918;954;2014;8297;1092,duk03,bHTDLovALeQz9PK4z,0.0,190.0,190.0
221,Maggie,Pig,Female,Normal,Nature,3-Sep,schep,Drivin',Cute,Elegant,Green,Yellow,backyard-fence wall,flagstone flooring,8419;8419;8419;1626;1627;3943;4003;1625;1628,pig10,ByLM9r2q7mRAMbgXs,0.0,258.0,258.0
222,Mallary,Duck,Female,Snooty,Fashion,17-Nov,quackpth,K.K. Bossa,Cool,Gorgeous,Blue,White,mossy-garden wall,backyard lawn,1631;4113;4003;4100;3775;3509;1829;1628;1624;8419,duk06,jhXJGTWpk3ycr6kZC,0.0,158.0,158.0
223,Maple,Cub,Female,Normal,Education,15-Jun,honey,Forest Life,Simple,Cute,Beige,Green,green blossoming wall,wooden-knot flooring,3251;2605;1032;865;4117;7144;3949;3438;4003;9766;1125;4119;7466;7134;3586;1870;928;1501,cbr01,xgPhy4TnDmnzSkZ6o,891450.0,7330.0,898780.0
224,Marcel,Dog,Male,Lazy,Play,31-Dec,non,Comrade K.K.,Simple,Cool,Green,Blue,modern shoji-screen wall,rush tatami,4393;3622;1849;3230;7047;10743;725;7323;7048;7323;717;10742;329,dog15,63FsmgrS7QPpFvL3N,874250.0,645.0,874895.0
225,Marcie,Kangaroo,Female,Normal,Nature,31-May,pouches,K.K. Aria,Cute,Elegant,Pink,Beige,pink quilt wall,pine-board flooring,7134;7336;3616;7531;2740;4109;88;2560;7132;4003;3305;9542;3996;9565,kgr10,mSJuJRK54zTu3BkHr,458050.0,375.0,458425.0
226,Margie,Elephant,Female,Normal,Education,28-Jan,tootie,K.K. Marathon,Elegant,Cute,Pink,Red,olive desert-tile wall,bamboo flooring,4051;3971;4052;4130;4047;4046;3974;4045;1792;4129;997;4033;4054;4338,elp04,rnFzZ3Z4gFAv6ouqG,0.0,752.0,752.0
227,Marina,Octopus,Female,Normal,Music,26-Jun,blurp,Soulful K.K.,Cute,Cute,Pink,Red,strawberry-chocolate wall,berry-chocolates flooring,1757;3624;4002;3998;2776;3995;4001;4000;4003,ocp01,BQCu2GxBFFTuigDAY,1130500.0,11723.0,1142223.0
228,Marshal,Squirrel,Male,Smug,Music,29-Sep,sulky,K.K. Bossa,Elegant,Cool,Light blue,Blue,blue delicate-blooms wall,modern wood flooring,2554;1081;3681;9766;1161;3615;1845;8394;3271;3560;915;7337;4338;920;954;8297;1866;3194;918,squ17,ZZJJbE5zFrcDXfLEF,1343250.0,26600.0,1369850.0
229,Mathilda,Kangaroo,Female,Snooty,Fitness,12-Nov,wee baby,K.K. Chorale,Cool,Gorgeous,White,Red,blue delicate-blooms wall,arabesque flooring,3615;3957;83;5543;3623;3952;915;3206;3958;3951;4069;794;7284,kgr01,GSsfXWFSF3FEdbcjA,207950.0,333.0,208283.0
230,Megan,Bear,Female,Normal,Nature,13-Mar,sundae,Forest Life,Cute,Simple,Yellow,Light blue,honeycomb wall,dark herringbone flooring,2605;3251;3406;1277;3962;3122;4080;3562;928;3683;3438;4030;8826;9766;3400,bea15,tgsKz4BX3wxFRFrFZ,675500.0,964.0,676464.0
231,Melba,Koala,Female,Normal,Education,12-Apr,toasty,K.K. Stroll,Cute,Cute,White,Green,blue blossoming wall,green-paint flooring,3683;4003;4132;3445;2605;7137;3436;3428;3438;2740;7134;1792;4111;7353;3785;4308,kal02,sLBs68aveqtjT8HZJ,0.0,3134.0,3134.0
232,Merengue,Rhino,Female,Normal,Nature,19-Mar,shortcake,K.K. Ballad,Cute,Simple,White,Red,pastel dotted wall,mint dot flooring,4109;1866;3998;998;4000;3697;3785;7134;1161;3467;4139;1043;4019;3416,rhn07,qxaecyD6f6aHuNZKK,1746250.0,9646.0,1755896.0
233,Merry,Cat,Female,Peppy,Fashion,29-Jun,mweee,Neapolitan,Cute,Cute,Pink,Light blue,beaded-curtain wall,orange retro flooring,4132;1227;2554;2713;790;3616;3439;1913;4130,cat16,uhd4aEuBudwu9pM6E,852000.0,9622.0,861622.0
234,Midge,Bird,Female,Normal,Education,12-Mar,tweedledee,K.K. Stroll,Cute,Simple,Pink,Pink,yellow quilt wall,cute white-tile flooring,3995;7134;3999;1757;3996;3624;3997;4001;4000;4003;3998,brd08,WSnecxx3DREYtZ3p3,737150.0,590.0,737740.0
235,Mint,Squirrel,Female,Snooty,Fashion,2-May,ahhhhhh,K.K. Soul,Gorgeous,Cute,Pink,Purple,blue subway-tile wall,mint dot flooring,4052;4053;7236;4049;4046;4015;4051;3683;4027;4030;4054;3467,squ09,TgwEuBB4kt96EXAvt,928100.0,803.0,928903.0
236,Mira,Rabbit,Female,Big Sister,Fitness,6-Jul,cottontail,Go K.K. Rider,Active,Cool,Red,Yellow,heavy-curtain wall,wooden-knot flooring,7529;7529;7529;531;1708;7524;533;533;530;533;531;4763;4763;7524;530;531;531;4763,rbt19,ycquvbgfbCzktuLvn,640350.0,946.0,641296.0
237,Miranda,Duck,Female,Snooty,Fashion,23-Apr,quackulous,K.K. Sonata,Elegant,Gorgeous,Blue,Purple,arched-window wall,brown iron-parquet flooring,1840;3957;3955;2554;987;3958;794;3974;4129;4106,duk12,9AE7bEWmthdc7kZ4m,0.0,207.0,207.0
238,Mitzi,Cat,Female,Normal,Education,25-Sep,mew,K.K. Love Song,Simple,Simple,Brown,Beige,blue painted-wood wall,light herringbone flooring,2560;3251;2605;2713;7134;3562;7133;7136;1288,cat01,4DpkbYXeoySwonvkS,0.0,1403.0,1403.0
239,Moe,Cat,Male,Lazy,Play,12-Jan,myawn,Two Days Ago,Active,Simple,Black,Gray,blue subway-tile wall,stripe flooring,3995;7134;1561;4003;3208;4759;4762;3623;1559;4761,cat08,EYRuj39J5cS5eYuPD,0.0,672.0,672.0
240,Molly,Duck,Female,Normal,Nature,7-Mar,quackidee,K.K. Ballad,Cute,Simple,Yellow,Pink,lattice wall,light herringbone flooring,3956;2605;2772;2554;1058;4125;3785;7134;2560;3467;7334;7465;4003;4132,duk16,4RLK74MDFhcXAQeuL,179450.0,7866.0,187316.0
241,Monique,Cat,Female,Snooty,Fashion,30-Sep,pffffft,K.K. Cruisin',Gorgeous,Elegant,Purple,Pink,beige desert-tile wall,rosewood flooring,4054;4051;4015;7236;4045;4049;4052;4047;4053;1227;4030;4046;4050;929;4048,cat11,6rhSBCp2M4wcM9cRG,334300.0,287.0,334587.0
242,Monty,Monkey,Male,Cranky,Education,7-Dec,g'tang,To The Edge,Cool,Cool,Yellow,Gray,autumn wall,forest flooring,10743;7142;3808;3805;808;4708;805;3806,mnk04,AB2WWajw4nPsxsQ5h,585400.0,194.0,585594.0
243,Moose,Mouse,Male,Jock,Fitness,13-Sep,shorty,K.K. Rockabilly,Cool,Gorgeous,Purple,Red,concrete wall,blue camo flooring,791;863;3563;3559;3200;1087;937;7348;4141,mus14,bqireWGDZg56QP8JF,355000.0,154.0,355154.0
244,Mott,Lion,Male,Jock,Fitness,10-Jul,cagey,K.K. Fusion,Active,Elegant,Blue,Green,green molded-panel wall,pine-board flooring,4125;2560;4003;3584;7132;3701;3490;1241;3702;3438;4111,lon06,upZ67GQyTzKPGCLm8,0.0,159.0,159.0
245,Muffy,Sheep,Female,Big Sister,Music,14-Feb,nightshade,K.K. Sonata,Gorgeous,Elegant,Black,Purple,black botanical-tile wall,purple desert-tile flooring,1153;3449;7236;9642;1127;4027;1227;4048;7531;3957;3943;3560;7337;3442;1128,shp12,BMbfDZTTqMr8T4Jvt,0.0,1947.0,1947.0
246,Murphy,Cub,Male,Cranky,Education,29-Dec,malarkey,K.K. Safari,Simple,Cool,Blue,White,woodland wall,jungle flooring,5972;7142;343;4038;787;7393;4043;1432;4035,cbr07,Nw4ojqKpHxBQfEqqo,621950.0,530.0,622480.0
247,Nan,Goat,Female,Normal,Nature,24-Aug,kid,K.K. Étude,Simple,Elegant,Orange,Yellow,black botanical-tile wall,white iron-parquet flooring,1875;3681;998;2554;4046;4054;4338;4114;6503;4052;4051,goa01,oGFWxL6p7g9Hq5LWK,433900.0,989.0,434889.0
248,Nana,Monkey,Female,Normal,Education,23-Aug,po po,K.K. Ballad,Cute,Cute,Pink,White,pastel dotted wall,cork flooring,2605;3616;3949;3439;2560;7465;4003;7133;1836;1913;929,mnk01,z95tvdzwWsxjXbpqP,0.0,732.0,732.0
249,Naomi,Cow,Female,Snooty,Fashion,28-Feb,moolah,K.K. Milonga,Elegant,Gorgeous,Colorful,Purple,red art-deco wall,lobby flooring,794;3957;3951;3956;3959;3950;2554;3954;3955;3953,cow07,3EXPYiDinngndhDng,507850.0,199.0,508049.0
250,Nate,Bear,Male,Lazy,Play,16-Aug,yawwwn,Forest Life,Simple,Simple,White,Green,woodland wall,daisy meadow,1759;1157;5635;4038;4035;4043;4038;1266;3697;5972,bea05,h2nAg5RGkR7NEnSQq,459500.0,457.0,459957.0
251,Nibbles,Squirrel,Female,Peppy,Fashion,19-Jul,niblet,K.K. Disco,Cute,Active,Red,Yellow,pear wall,olive desert-tile flooring,2596;4132;1783;2554;1181;4546;3396;4308;3975;2586;7654;7137;4003,squ04,Moh8bkfxWaxEa97mG,464700.0,547.0,465247.0
252,Norma,Cow,Female,Normal,Nature,20-Sep,hoof hoo,Mountain Song,Cute,Simple,White,Light blue,meadow vista,daisy meadow,5970;3675;4043;7805;1157;4042;1082;1266;3618,cow06,fwgBojtt5KTvk3TL5,523100.0,638.0,523738.0
253,O'Hare,Rabbit,Male,Smug,Nature,24-Jul,amigo,K.K. Island,Active,Cool,Blue,Light blue,ocean-horizon wall,water flooring,7148;665;7259;3468;9584;3684;1708;8473;7358;7013;3064;7358,rbt15,WDB4w6DdNpdhCvEuj,0.0,742.0,742.0
254,Octavian,Octopus,Male,Cranky,Play,20-Sep,sucker,K.K. D&B,Cool,Simple,Black,White,starry-sky wall,lunar surface,1439;5676;1441;1447;1445;1443,ocp00,nLsc5geQY78JR7j4S,1011100.0,3959.0,1015059.0
255,Olaf,Anteater,Male,Smug,Education,19-May,whiffa,K.K. Milonga,Elegant,Gorgeous,Red,Black,black-brick wall,simple red flooring,3957;3951;7190;1840;4030;3950;3954;863;2554,ant09,ar73BhCacgwhTNYnX,814250.0,365.0,814615.0
256,Olive,Cub,Female,Normal,Nature,12-Jul,sweet pea,Neapolitan,Simple,Simple,Brown,Yellow,white simple-cloth wall,mint dot flooring,2605;4125;3490;1783;7134;3584;8826;7329;3438;2560;3702;3701;7133;4111;870;3697;1411,cbr09,7ZynzrsbeH5fMqvLu,1253850.0,627.0,1254477.0
257,Olivia,Cat,Female,Snooty,Music,3-Feb,purrr,K.K. Sonata,Cool,Elegant,White,Black,purple-rose wall,simple blue flooring,3958;3951;3681;3954;4054;2554;1875;742;794,cat03,9TaBZpKSgb9nEWwtH,379600.0,1203.0,380803.0
258,Opal,Elephant,Female,Snooty,Fashion,20-Jan,snoot,K.K. Cruisin',Elegant,Cool,Black,Orange,brown botanical-tile wall,olive desert-tile flooring,1840;3971;3973;3970;10742;3270;4050;4017;4030;3974;10244;3972;4338,elp00,FYopCfP6LEKMEAP7F,318200.0,383.0,318583.0
259,Ozzie,Koala,Male,Lazy,Play,7-May,ol' bear,Mr. K.K.,Simple,Cute,Yellow,Orange,white perforated-board wall,cork flooring,2012;1326;3943;833;3584;8417;908;1308;7336;1308;7336;1328;4003;7520;7528;7454;7520;1328;4071;1328;1328;1348;7454,kal05,jn3GZEfXoGm3ahwd3,464000.0,1486.0,465486.0
260,Pancetti,Pig,Female,Snooty,Music,14-Nov,sooey,K.K. Cruisin',Cute,Gorgeous,Red,Yellow,white botanical-tile wall,yellow floral flooring,4109;1913;1913;1288;7236;4130;3439;3282;3467;3271;954;3993;3428;998;4019,pig16,bjvvbcuiiN9pYiZA9,0.0,169.0,169.0
261,Pango,Anteater,Female,Peppy,Fashion,9-Nov,snooooof,K.K. Oasis,Elegant,Cool,Orange,Purple,imperial wall,gold iron-parquet flooring,3973;3971;3974;3472;4054;4053;3972;794;1757,ant02,dz29mEXmHc8mM3q7R,562550.0,387.0,562937.0
262,Paolo,Elephant,Male,Lazy,Nature,5-May,pal,To The Edge,Simple,Elegant,Gray,Light blue,blue desert-tile wall,blue mosaic-tile flooring,3468;1840;4130;4017;4017;4030;7153;3683;4072;2776;7333;4046;4048,elp05,jH9AH2BeLRwtsFwHQ,0.0,320.0,320.0
263,Papi,Horse,Male,Lazy,Nature,10-Jan,haaay,Hypno K.K.,Simple,Simple,Orange,Light blue,colorful puzzle wall,jointed-mat flooring,4132;1557;5543;685;3208;1558;3205;1565;3206;83;1561,hrs12,miKjvBKFawhzBB8rW,0.0,1054.0,1054.0
264,Pashmina,Goat,Female,Big Sister,Music,26-Dec,kidders,K.K. Disco,Cool,Elegant,Red,Colorful,cute red wall,cute white-tile flooring,791;3998;4143;4139;3616;4109;4441;4139;1798;1850,goa08,hftL8Ep8ffr3PWTuE,563750.0,2574.0,566324.0
265,Pate,Duck,Female,Peppy,Fashion,23-Feb,quackle,K.K. Soul,Simple,Cute,Yellow,White,blue subway-tile wall,hexagonal floral flooring,3775;4017;4052;4049;4054;7516;4051;4046;4047;4053;4080;4048;3563;4338,duk02,DHBvGmtvAKgcEQiLx,0.0,546.0,546.0
266,Patty,Cow,Female,Peppy,Fashion,10-May,how-now,K.K. Calypso,Simple,Cute,Orange,Red,backyard-fence wall,wildflower meadow,865;1620;7142;3396;1778;2586;1829,cow00,WwWCGiveKwyuntnBe,582900.0,511.0,583411.0
267,Paula,Bear,Female,Big Sister,Fitness,22-Mar,yodelay,K.K. Disco,Cute,Active,Orange,Green,starry wall,berry-chocolates flooring,3995;2554;3490;3438;4338;3436;2560;2605;7134;1783,bea10,mt4oJ6k5CJTCGJXAZ,511800.0,185.0,511985.0
268,Peaches,Horse,Female,Normal,Education,28-Nov,neighbor,Forest Life,Cute,Simple,Colorful,Light blue,cabin wall,dirt flooring,3675;5970;7142;4117;3251;4036;5973;4038;928;4003;4040;3818,hrs08,SRuoS7z66df8wdynd,635000.0,219.0,635219.0
269,Peanut,Squirrel,Female,Peppy,Fashion,8-Jun,slacker,Forest Life,Cute,Cute,Red,Colorful,cute red wall,cute white-tile flooring,3624;4001;3997;3252;4002;1792;1870;4000;4003;3995;1783;7322;3996,squ00,ZcdcgJXwiH4rJg2JK,404250.0,1571.0,405821.0
270,Pecan,Squirrel,Female,Snooty,Fashion,10-Sep,chipmunk,K.K. Love Song,Elegant,Gorgeous,Purple,Beige,beige art-deco wall,simple white flooring,3957;3951;4106;3959;3955;790;3956;3950;3958;4029;7519;3949,squ03,qJmNiqamwRRxHc4fY,0.0,631.0,631.0
271,Peck,Bird,Male,Jock,Play,25-Jul,crunch,My Place,Simple,Active,Beige,Red,camo wall,blue-paint flooring,1241;3205;4129;4759;3623;4763;4756;5543;4753;3438;2731;3986,brd17,TC9QnMpcjfskBGzwB,0.0,200.0,200.0
272,Peewee,Gorilla,Male,Cranky,Fitness,11-Sep,li'l bitty baby,K.K. Rock,Active,Cool,Orange,Blue,steel-frame wall,concrete flooring,1452;1803;4141;4138;3251;8417;4078;1241;9766;4441;7528;928;7324;7800;787,gor01,HAeZAgW5pywjmCBeu,0.0,227.0,227.0
273,Peggy,Pig,Female,Peppy,Fashion,23-May,shweetie,K.K. Bossa,Cute,Active,Blue,Red,red intricate wall,birch flooring,3998;1288;4017;4030;2596;3999;3563;1227;4027;4048;1757;7531;3621;3968,pig11,YReGwLNQoegR9PhZx,665400.0,258.0,665658.0
274,Pekoe,Cub,Female,Normal,Nature,18-May,bud,Imperial K.K.,Elegant,Cute,Red,Beige,exquisite wall,bamboo flooring,3971;3971;3973;3972;6031;794;8415;3974;4033;3970,cbr14,QvWvWxjFtNLCnZES5,712150.0,2803.0,714953.0
275,Penelope,Mouse,Female,Peppy,Fashion,5-Feb,oh bow,Bubblegum K.K.,Cute,Gorgeous,Pink,Red,cute red wall,red dot flooring,3995;3998;7134;3997;3996;4017;1757;4002;4001;3624;4000;4003,mus17,L9mYm8tvKg32G85cv,223950.0,282.0,224232.0
276,Phil,Ostrich,Male,Smug,Music,27-Nov,hurk,K.K. Moody,Elegant,Cool,Green,Red,red art-deco wall,simple red flooring,4080;3951;794;4052;2776;4049;4054;4033;3971;1227;4017;4030;7518;4048,ost07,rCHTjrbTz7pejGT8J,447100.0,631.0,447731.0
277,Phoebe,Ostrich,Female,Big Sister,Fitness,22-Apr,sparky,K.K. Flamenco,Gorgeous,Cool,Black,Red,magma-cavern wall,lava flooring,1430;7142;343;4081;4038;4003;4042;1870,ost10,HYJxoDdCoLS7uPdz9,954050.0,1864.0,955914.0
278,Pierce,Eagle,Male,Jock,Fitness,8-Jan,hawkeye,K.K. Gumbo,Elegant,Active,Orange,Yellow,blue camo wall,simple blue flooring,4759;1241;4761;8417;4760;4758;7845;2560;4756;4754;4003,pbr02,aavqm5o5TcTxgrBs6,0.0,445.0,445.0
279,Pietro,Sheep,Male,Smug,Music,19-Apr,honk honk,K.K. Parade,Gorgeous,Simple,Colorful,Red,sky wall,cloud flooring,791;1112;1112;4379;4379;4412;6829;6829,shp13,fLBrHLToMTBrc5Was,476700.0,4789.0,481489.0
280,Pinky,Bear,Female,Peppy,Fashion,9-Sep,wah,Imperial K.K.,Cute,Simple,Red,Pink,bamboo wall,floral rush-mat flooring,3973;3971;3658;329;3972;3974;1708;4033;3449;4094,bea01,CLQDMiLJYw9de8t7c,451400.0,798.0,452198.0
281,Piper,Bird,Female,Peppy,Play,18-Apr,chickadee,K.K. Synth,Elegant,Gorgeous,Black,White,cityscape wall,monochromatic tile flooring,4015;4053;3957;4046;3955;3428;3467;3951;8418;4338,brd05,B9nGDw29C3MeZeiob,652900.0,643.0,653543.0
282,Pippy,Rabbit,Female,Peppy,Fashion,14-Jun,li'l hare,Drivin',Cute,Simple,Green,Brown,mod wall,blue-paint flooring,2554;4015;3683;1913;7528;4003;3122;1792;3621;9546;3443;3252;1783;7338,rbt06,zRveogN878Fugd5ga,0.0,372.0,372.0
283,Plucky,Chicken,Female,Big Sister,Play,12-Oct,chicky-poo,K.K. Island,Cool,Simple,Light blue,Yellow,tropical vista,starry-sands flooring,1708;7868;7868;7868;7868;7868;4046;4279;7868;1621;1866;3617;7345;667;4279,chn10,8v54MppXDZwDS2viK,539100.0,401.0,539501.0
284,Pompom,Duck,Female,Peppy,Music,11-Feb,rah rah,K.K. Soul,Cute,Simple,Pink,Light blue,beaded-curtain wall,green retro flooring,2713;7134;2554;7132;7137;2560;4003;1783;3251;1845;9547;3949,duk05,D4EfZuiFQqxXAaxa5,0.0,634.0,634.0
285,Poncho,Cub,Male,Jock,Fitness,2-Jan,li'l bear,K.K. Blues,Simple,Simple,Orange,Yellow,blue simple-cloth wall,blue-paint flooring,4030;7521;7521;8298;1227;1783;4048;3683;1277;3438;4338;7521;4015;8298;7518;8298;929;4125;1929,cbr02,2yyqShsyFuek2xsPq,521900.0,937.0,522837.0
286,Poppy,Squirrel,Female,Normal,Education,5-Aug,nutty,Forest Life,Cute,Elegant,Green,Yellow,autumn wall,colored-leaves flooring,7142;4035;6081;880;4043;4042;5635;5975;1082;4038;4338;7788,squ15,NaP65qNMvxYTzTXrs,658800.0,5124.0,663924.0
287,Portia,Dog,Female,Snooty,Fashion,25-Oct,ruffian,K.K. Disco,Elegant,Gorgeous,Purple,Black,blue desert-tile wall,rosewood flooring,1227;7235;4109;3955;4027;4030;3271;4019;3993;998;1050;928;3560;954;4338,dog05,XAP6AcqdXDufCkTAd,589500.0,520.0,590020.0
288,Prince,Frog,Male,Lazy,Play,21-Jul,burrup,Only Me,Simple,Active,Yellow,White,starry-sky wall,daisy meadow,5970;1429;4042;1082;4269;1434;1186;3064;4038;1432;383,flg12,3YQrrLRvCYt62wMLi,592200.0,412.0,592612.0
289,Puck,Penguin,Male,Lazy,Fitness,21-Feb,brrrrrrrrr,K.K. March,Active,Simple,Blue,Red,ice wall,ice flooring,1452;3498;7281;4078;4013;7653;787;4015;290;287;3505;7800,pgn06,qnejmf3Q7jvCoBvw7,0.0,340.0,340.0
290,Puddles,Frog,Female,Peppy,Fashion,13-Jan,splish,K.K. Disco,Cute,Gorgeous,Green,Pink,blue subway-tile wall,mint dot flooring,937;1852;4129;1853;3962;1852;863;3428;941;1087,flg06,TuEiYBT2nG3qNT2RX,539450.0,837.0,540287.0
291,Pudge,Cub,Male,Lazy,Play,11-Jun,golly,K.K. Stroll,Simple,Simple,Green,Blue,green playroom wall,colorful puzzle flooring,3205;1561;1557;86;85;3305;1558;3206;5543;3623;3208;83,cbr03,QGD2qdJ8oyu4SS7To,230000.0,440.0,230440.0
292,Punchy,Cat,Male,Lazy,Play,11-Apr,mrmpht,Forest Life,Simple,Simple,Blue,Light blue,blue simple-cloth wall,jointed-mat flooring,7134;2605;3995;7133;3251;4003;2713;2560;957;7136,cat06,Q8Qds8CMWMnXTGbqf,270700.0,3424.0,274124.0
293,Purrl,Cat,Female,Snooty,Fashion,29-May,kitten,K.K. Chorale,Cool,Elegant,Gray,Blue,arched-window wall,dark herringbone flooring,3957;3954;3951;3956;2554;3958;3959;742;4338,cat07,ZgpbeQ6LW63qq2yok,224050.0,734.0,224784.0
294,Queenie,Ostrich,Female,Snooty,Fashion,13-Nov,chicken,K.K. Gumbo,Gorgeous,Elegant,Black,Gray,abstract wall,dark parquet flooring,4049;4109;4051;4054;3270;4052;4045;4046;4053;4338;3775,ost00,4vYPTrcRBimNwXmcC,0.0,161.0,161.0
295,Quillson,Duck,Male,Smug,Music,22-Dec,ridukulous,K.K. Groove,Elegant,Cool,Beige,Orange,dark wooden-mosaic wall,simple purple flooring,4129;4052;937;4130;7868;4053;4054;941;2250;793,duk17,tdfJ4MAeE2pKDxxNd,0.0,410.0,410.0
296,Raddle,Frog,Male,Lazy,Nature,6-Jun,aaach—,Mr. K.K.,Elegant,Simple,White,Gray,white simple-cloth wall,green rubber flooring,1326;4026;4030;7529;7528;787;7529;833;1317;2014;3968;2014;4016;3428;2012,flg15,Xi6NDcp6NptRB9WDz,0.0,844.0,844.0
297,Rasher,Pig,Male,Cranky,Music,7-Apr,swine,K.K. Rockabilly,Cool,Simple,Blue,Black,chain-link fence,parking flooring,144;4759;1708;2556;146;2553;2592;4113;1631;4687;1189;3819;1567,pig02,vhd6ReEt63uAnpYsq,0.0,244.0,244.0
298,Raymond,Cat,Male,Smug,Nature,1-Oct,crisp,K.K. Cruisin',Elegant,Cool,Black,Gray,office wall,monochromatic tile flooring,840;4116;1750;3590;1232;832;3560;839;3784;1744;1750;4101;4099;3783;1870;8464,cat23,2nbzgWsuDBSN2LeEj,3899300.0,24565.0,3923865.0
299,Renée,Rhino,Female,Big Sister,Music,28-May,yo yo yo,Surfin' K.K.,Cool,Active,Purple,Yellow,skull wall,tiger-print flooring,4141;941;4143;4142;3621;4144;1241,rhn08,ZyeqzXyxABEFXsS5c,0.0,565.0,565.0
300,Reneigh,Horse,Female,Big Sister,Play,4-Jun,ayup yup,K.K. Synth,Cool,Gorgeous,Black,Purple,botanical-tile wall,brown floral flooring,4052;4051;4049;4047;4129;7531;4045;4054;1227;3586;4130;4048;4046;4050,hrs16,4rRW9HkPYfAWBQvWC,1178550.0,1879.0,1180429.0
301,Rex,Lion,Male,Lazy,Nature,24-Jul,cool cat,Wandering,Simple,Cute,Blue,Light blue,summit wall,daisy meadow,7142;1430;1432;1143;4042;1082;1434;1433;4038;3697,lon02,umQmbALHn7dbiMrYL,659700.0,601.0,660301.0
302,Rhonda,Rhino,Female,Normal,Music,24-Jan,bigfoot,K.K. Ballad,Elegant,Gorgeous,Purple,Black,purple desert-tile wall,simple purple flooring,3983;4001;3999;1757;3998;3978;5150;3977;4030;4017,rhn01,BjYi6hQsSg6sQcxhm,601750.0,175.0,601925.0
303,Ribbot,Frog,Male,Jock,Fitness,13-Feb,zzrrbbitt,K.K. Technopop,Simple,Active,Blue,Light blue,circuit-board wall,future-tech flooring,9642;3559;1126;793;1126;3200;3560;1850;4071;4071;3563;7528;3590;8417;875,flg01,vg2BFTmhyyhbiHtbC,0.0,854.0,854.0
304,Ricky,Squirrel,Male,Cranky,Education,14-Sep,nutcase,K.K. Safari,Cool,Simple,Blue,Red,woodland wall,swamp flooring,7142;7393;4393;533;3675;533;7345;4038;1432;533;533;4042;3697;889,squ10,g5JArfBAeNAXb8rFX,86300.0,172.0,86472.0
305,Rizzo,Mouse,Male,Cranky,Education,17-Jan,squee,K.K. Folk,Simple,Cool,Black,Gray,mortar wall,dirt flooring,3580;10743;710;3692;6831;6831;3617;5978;5978,mus09,vmbvXTtjpswNLkcpi,0.0,158.0,158.0
306,Roald,Penguin,Male,Jock,Fitness,5-Jan,b-b-buddy,K.K. March,Active,Simple,Red,Yellow,iceberg wall,iceberg flooring,4003;3503;3501;3501;4042;3499;3497;4042;4279,pgn01,kxpZTdDuacHxQA3An,868500.0,9165.0,877665.0
307,Robin,Bird,Female,Snooty,Fashion,4-Dec,la-di-da,K.K. Cruisin',Elegant,Cool,Light blue,Purple,brown botanical-tile wall,brown argyle-tile flooring,4080;4051;4046;4054;3971;4035;4048;4338;3948;1829;1829;331,brd01,xK49Rcb2Lnm5P4aLM,71250.0,195.0,71445.0
308,Rocco,Hippo,Male,Cranky,Education,18-Aug,hippie,K.K. Lament,Simple,Cool,Yellow,Black,construction-site wall,construction-site flooring,7229;9568;9619;9619;8575;2553;2553;1567;3943;1234;7262;3697;146;146,hip00,vfET6L7B9ruRApyMb,424300.0,175.0,424475.0
309,Rocket,Gorilla,Female,Big Sister,Fitness,14-Apr,vroom,K.K. Adventure,Active,Cool,Pink,Red,skyscraper wall,monochromatic tile flooring,7845;4013;7348;7348;7235;1241;1598;7133;7535;7528;4338;287;6519,gor09,eJNBB5SYzfj5DaWjx,509970.0,291.0,510261.0
310,Rod,Mouse,Male,Jock,Fitness,14-Aug,ace,K.K. March,Active,Cool,Blue,Light blue,sea view,ship deck,791;3468;863;3596;4102;7259,mus05,ezLuGMubv35hSamPr,2068650.0,532.0,2069182.0
311,Rodeo,Bull,Male,Lazy,Fitness,29-Oct,chaps,K.K. Technopop,Simple,Cool,Black,Red,concrete wall,monochromatic tile flooring,793;3957;3784;1186;3783;3590;3490;2560;4125;4105,bul01,QNT5F2pjZixKpiD4D,692500.0,705.0,693205.0
312,Rodney,Hamster,Male,Smug,Music,10-Nov,le ham,K.K. Rockabilly,Gorgeous,Cool,Pink,Colorful,blue diner wall,green vinyl flooring,863;937;791;1852;1853;1852;4441;1277;4144;7392;1087,ham03,AnFmctYx65LkTaFGu,0.0,727.0,727.0
313,Rolf,Tiger,Male,Cranky,Fitness,22-Aug,grrrolf,K.K. Condor,Cool,Active,Blue,Black,summit wall,flowing-river flooring,4393;7142;5970;1433;1434;3398;889;1432;5972;3697,tig00,MA2wxkE7cEyD4f4hz,0.0,615.0,615.0
314,Rooney,Kangaroo,Male,Cranky,Fitness,1-Dec,punches,K.K. Adventure,Active,Active,Gray,Black,gray shanty wall,steel flooring,1452;290;7152;4013;7653;3560;3960;3431;3560;1456;4003;7800,kgr09,9wnSweJyqfd4izW4M,0.0,186.0,186.0
315,Rory,Lion,Male,Jock,Music,7-Aug,capital,K.K. Faire,Simple,Active,Blue,Red,mangrove wall,starry-sands flooring,7795;7795;3348;9584;4102;3468;3980;5150;1234,lon07,hAfSborD4JtyNGFd6,0.0,220.0,220.0
316,Roscoe,Horse,Male,Cranky,Music,16-Jun,nay,K.K. D&B,Cool,Gorgeous,Black,Gray,black-crown wall,monochromatic tile flooring,4052;2554;1241;3559;1645;4046;4757;4054;4050;4338;3561;1744;4738;849;929,hrs04,RKAg95c8nosL8fNec,422250.0,1158.0,423408.0
317,Rosie,Cat,Female,Peppy,Music,27-Feb,silly,Bubblegum K.K.,Cute,Cute,Pink,Red,purple dotted wall,blue-paint flooring,4002;1757;4000;3998;3995;4001;3997;3999;2605;3996;7137;3428;4003,cat02,NTwyXi4RAX4EKTcW6,228700.0,4549.0,233249.0
318,Rowan,Tiger,Male,Jock,Fitness,26-Aug,mango,Surfin' K.K.,Active,Simple,Light blue,Gray,bamboo wall,tiger-print flooring,710;3974;716;3973;3558;3972;4338;689;3970,tig01,WqtXZv8CLheckbHoF,0.0,293.0,293.0
319,Ruby,Rabbit,Female,Peppy,Nature,25-Dec,li'l ears,Stale Cupcakes,Cute,Active,Light blue,Pink,starry-sky wall,lunar surface,1439;1439;1445;1445;5676;1054;1442,rbt09,rjbSmp6a8PdsEw9BM,397300.0,2571.0,399871.0
320,Rudy,Cat,Male,Jock,Play,20-Dec,mush,K.K. Blues,Active,Simple,Yellow,Beige,green playroom wall,pine-board flooring,3205;4756;2605;4762;3122;2560;85;4123;7133;4758,cat20,TqXTvnySgEac3iEt7,347500.0,1315.0,348815.0
321,Sally,Squirrel,Female,Normal,Music,19-Jun,nutmeg,Only Me,Simple,Elegant,White,Beige,yellow intricate wall,dark parquet flooring,2605;3251;1792;7134;7143;7352;7133;9766;7137;6079;928;6075;3618;3275;2560;3438;4338;3948;7352;6078,squ07,jtXMvWWbQ9qN2iw7S,666950.0,434.0,667384.0
322,Samson,Mouse,Male,Jock,Fitness,5-Jul,pipsqueak,Rockin' K.K.,Simple,Active,Red,Yellow,blue subway-tile wall,cool-paint flooring,4546;1263;1177;4756;2596;3975;85;4753;4762;3822,mus04,XFzdPqYwq4n98EpuF,0.0,209.0,209.0
323,Sandy,Ostrich,Female,Normal,Nature,21-Oct,speedy,K.K. Soul,Simple,Cool,Light blue,White,blackboard wall,rosewood flooring,2554;3775;3775;1277;7348;3615;1845;3194;1032;3681;1866;3271;1875;3586;1161;4338;1606;3467,ost02,6t3MfdfbyRKwjgNPd,230050.0,184.0,230234.0
324,Savannah,Horse,Female,Normal,Music,25-Jan,y'all,Forest Life,Cool,Simple,Light blue,Blue,blue subway-tile wall,zebra-print flooring,4052;2554;3681;1081;4053;4051;4049;4046;4111;4119;4054;3949,hrs02,Mquwz8gbb3EEmazyF,0.0,759.0,759.0
325,Scoot,Duck,Male,Jock,Fitness,13-Jun,zip zoom,My Place,Active,Simple,Beige,Blue,backyard-fence wall,backyard lawn,4113;7142;3468;1631;3348;4042;1234;4102;3960;4003,duk10,wanb7GiQ9fe6puXe8,100.0,1181.0,1281.0
326,Shari,Monkey,Female,Big Sister,Music,10-Apr,cheeky,K.K. Cruisin',Cute,Active,Light blue,Yellow,purple desert-tile wall,rosewood flooring,4054;4053;4045;4051;3775;4046;4049;4048;4080;7235;3563,mnk07,sR4EndxJk6uqcQKxB,496200.0,1027.0,497227.0
327,Sheldon,Squirrel,Male,Jock,Play,26-Feb,cardio,K.K. Country,Active,Cool,Green,Yellow,forest wall,forest flooring,7142;7788;3806;4708;3805;805;4035;805;808;1870;3808;787,squ16,KQG9B6Yp57KhnDiZ9,0.0,524.0,524.0
328,Shep,Dog,Male,Smug,Education,24-Nov,baa baa baa,K.K. Swing,Simple,Cool,Light blue,Blue,cabin wall,wooden-knot flooring,4117;3943;4015;9766;4041;3251;928;3340;4036;4111;4118;9313;796,dog18,P4FqMoZg2EJQ6EzAb,737900.0,1584.0,739484.0
329,Sherb,Goat,Male,Lazy,Nature,18-Jan,bawwww,Hypno K.K.,Simple,Cute,Gray,Blue,purple desert-tile wall,simple purple flooring,3995;4002;7133;3998;3624;3997;4000;4003;4111,goa09,XaaDkAfHynrEY2YS4,1297750.0,17495.0,1315245.0
330,Simon,Monkey,Male,Lazy,Play,19-Jan,zzzook,K.K. Safari,Simple,Active,Red,Colorful,starry-sky wall,Saharah's desert,7142;1430;1433;1143;1708;343;1620,mnk02,mTk2qZXe4XwP3WzNT,0.0,293.0,293.0
331,Skye,Wolf,Female,Normal,Music,24-Mar,airmail,Forest Life,Cute,Cute,Blue,White,blue heart-pattern wall,simple white flooring,7236;2554;4027;2605;3681;1081;3439;7346;1161;2560;1836;3438;4111;3949,wol09,y8Mi2cSB26qfaxCa3,943350.0,3282.0,946632.0
332,Sly,Alligator,Male,Jock,Play,15-Nov,hoo-rah,K.K. Safari,Cool,Simple,Brown,Green,jungle wall,jungle flooring,4763;4081;7142;4038;531;531;7788;3969;530;4269;530;533;533,crd06,GbXz3ZAtzig3qyKd5,524200.0,431.0,524631.0
333,Snake,Rabbit,Male,Jock,Fitness,3-Nov,bunyip,King K.K.,Active,Simple,Black,Blue,mortar wall,dirt flooring,3580;3553;3553;343;343;7393;710;2559,rbt03,LZcGjneEs8xmxNE3q,0.0,1247.0,1247.0
334,Snooty,Anteater,Female,Snooty,Education,24-Oct,sniffff,K.K. Folk,Simple,Simple,Green,Yellow,shoji screen,tatami flooring,7682;7047;7391;3553;725;7048;717;3558;739;5978,ant06,hZmkhmRhK7xgM6BhP,210.0,145.0,355.0
335,Soleil,Hamster,Female,Snooty,Education,9-Aug,tarnation,K.K. Oasis,Cool,Gorgeous,Red,Yellow,imperial wall,imperial tile,5956;3971;6031;1840;3972;794;3973;3970;3974;4017;997;7282,ham04,EzZzup4KP8t2FvL8f,727550.0,253.0,727803.0
336,Sparro,Bird,Male,Jock,Play,20-Nov,like whoa,I Love You,Active,Simple,Green,Gray,backyard-fence wall,sandlot,2556;1199;2329;1116;86;333;1631;2329,brd18,kyF7bCcryEzaErcTJ,956100.0,173.0,956273.0
337,Spike,Rhino,Male,Cranky,Nature,17-Jun,punk,K.K. House,Cool,Gorgeous,Black,Gray,concrete wall,leopard-print flooring,4015;4052;4141;7845;791;2614;4046;7535;3986;3562;3615;7800,rhn02,e8bJbKYBcretqhbuR,717700.0,394.0,718094.0
338,Spork,Pig,Male,Lazy,Play,3-Sep,snork,Forest Life,Simple,Active,Green,Colorful,woodland wall,swamp flooring,7142;4393;4038;5970;4043;1432;1157;1082;3697;1434;7393,pig05,NeqP5jCsuLugbA2PW,0.0,255.0,255.0
339,Sprinkle,Penguin,Female,Peppy,Play,20-Feb,frappe,K.K. Marathon,Cute,Elegant,Light blue,White,ice wall,ice flooring,3500;3500;3499;3983;4376;3978;3978;5150;3982;3984,pgn14,5ffTHHjgjsXGAcsb3,765400.0,3077.0,768477.0
340,Sprocket,Ostrich,Male,Jock,Music,1-Dec,zort,K.K. Metal,Simple,Active,Orange,Green,future-tech wall,circuit-board flooring,1645;941;849;1045;950;7257;1804;849;1803,ost03,mFq536yZgoy7zEbKd,0.0,1014.0,1014.0
341,Static,Squirrel,Male,Cranky,Music,9-Jul,krzzt,Surfin' K.K.,Cool,Active,Black,Yellow,concrete wall,skull-print flooring,1241;793;4046;1645;4053;4052;7654;1644;8417;3275;3559;7528;4071,squ08,vqPjvoChWTNpj2t6E,470800.0,1524.0,472324.0
342,Stella,Sheep,Female,Normal,Nature,9-Apr,baa-dabing,Only Me,Simple,Simple,Yellow,Beige,rose wall,dark herringbone flooring,3683;2605;3995;1913;4132;4030;2560;3442;8826;3438;3439;3490;1783;7140;3443;4003,shp03,PnrARfxc8picdtvL8,0.0,853.0,853.0
343,Sterling,Eagle,Male,Jock,Fitness,11-Dec,skraaaaw,K.K. Dirge,Simple,Elegant,Blue,Red,dungeon wall,basement flooring,1266;3784;4026;8298;5931;5165;3992;5931;3783;1708;1750;7528;5165;1798,pbr07,u7tJskupjfv3Ejedt,421350.0,571.0,421921.0
344,Stinky,Cat,Male,Jock,Fitness,17-Aug,GAAHHH,K.K. Flamenco,Active,Simple,Red,Blue,ringside seating,boxing-ring mat,1452;1708;4013;4078;3672;7800;7150;3560;4753;1456,cat13,daE2wDXCWHDJZBkD4,0.0,557.0,557.0
345,Stitches,Cub,Male,Lazy,Play,10-Feb,stuffin',I Love You,Simple,Cute,Colorful,White,blue quilt wall,patchwork-tile flooring,7144;3206;3623;2605;3305;7147;2560;9543;4003;5543;7141;7133;7140;7134;7258;3584;7145;7462;1501,cbr05,SfGuc8givs3kR8kvM,1101250.0,10867.0,1112117.0
346,Stu,Bull,Male,Lazy,Nature,20-Apr,mrooooo,K.K. Rockabilly,Simple,Simple,Brown,Beige,chain-link fence,sidewalk flooring,7654;7654;7161;1185;4070;4309;3672;1708;2614,bul03,rcPtvvvscvkEWG7AF,574650.0,455.0,575105.0
347,Sydney,Koala,Female,Normal,Music,21-Jun,sunshine,Drivin',Cute,Simple,Beige,Yellow,purple puzzle wall,blue-paint flooring,1557;5543;3949;928;3251;1845;929;3205;1561;1565;1558;1836;9766;2558;1043,kal03,crrWmmqsC9RfmZNCS,422500.0,983.0,423483.0
348,Sylvana,Squirrel,Female,Normal,Nature,22-Oct,hubbub,Spring Blossoms,Cute,Simple,Green,Purple,cherry-blossom-trees wall,cherry-blossom flooring,6031;6033;1082;7359;7359;7409;6032;6831;6831;5978;1708;6831,squ14,MBkrN9pXkoACmfPdE,464700.0,1519.0,466219.0
349,Sylvia,Kangaroo,Female,Big Sister,Music,3-May,boing,DJ K.K.,Simple,Gorgeous,Yellow,Green,concrete wall,monochromatic tile flooring,4759;1241;4109;4141;998;3697;7382;7382;7528;3271;3992;4687;1043;1050;8417,kgr06,PZsBTkeYBg5ACE5xB,586600.0,330.0,586930.0
350,T-Bone,Bull,Male,Cranky,Education,20-May,moocher,K.K. Steppe,Cool,Simple,Blue,Black,arched-window wall,arabesque flooring,3957;2554;3956;3775;4129;742;1652;3958;794;1449,bul05,QLPX4QqjhiPwCLcko,0.0,186.0,186.0
351,Tabby,Cat,Female,Peppy,Music,13-Aug,me-WOW,DJ K.K.,Active,Cool,Black,Gray,manga-library wall,tiger-print flooring,3230;1759;4125;2713;1792;3252;3672;4003;1929;3672;3194;1032;3251;870;1850;1845,cat12,P3ouRnR3NRSch3LaC,382500.0,2447.0,384947.0
352,Tad,Frog,Male,Jock,Play,3-Aug,sluuuurp,Wandering,Active,Simple,Yellow,Colorful,rice-paddy wall,field flooring,7142;6033;787;7345;1120;7393;710;5978,flg09,v74Hs9XT2zRC6gDjE,0.0,324.0,324.0
353,Tammi,Monkey,Female,Peppy,Fashion,2-Apr,chimpy,Imperial K.K.,Cute,Active,Purple,Green,bamboo wall,bamboo flooring,6031;7796;7797;10743;7282;3971;3974;717;3344;3344;1606;3970;4033,mnk03,vYWvCyge46SGeHfHH,0.0,320.0,320.0
354,Tammy,Cub,Female,Big Sister,Play,23-Jun,ya heard,DJ K.K.,Cool,Active,Red,Purple,yellow intricate wall,giraffe-print flooring,3998;4003;3624;3995;1288;7137;1032;3490;3428;4028;7541;9311,cbr17,vw7ussv29jkjDdnJ7,750500.0,672.0,751172.0
355,Tangy,Cat,Female,Peppy,Music,17-Jun,reeeeOWR,I Love You,Simple,Cute,Green,Yellow,orange wall,green retro flooring,4130;2596;7259;4546;3975;4134;4011;4127;1263;3672;3672;975;4378;4128;3975;4107;3976,cat05,eeMEC83wHWmKuHNvh,70.0,4883.0,4953.0
356,Tank,Rhino,Male,Jock,Fitness,6-May,kerPOW,K.K. Lament,Active,Simple,Red,Green,bamboo-grove wall,sandlot,3580;7393;3398;3397;3697;7153;4094,rhn00,tq4TfLyNJx7un4h2m,592450.0,549.0,592999.0
357,Tasha,Squirrel,Female,Snooty,Fitness,30-Nov,nice nice,K.K. Synth,Elegant,Gorgeous,Beige,Gray,stormy-night wall,rosewood flooring,3561;7235;1081;7337;7348;8465;3428;3445;4129;3951;7137;4054;4338;10244,squ13,i3FzxyjfuBzy7Fnv3,579450.0,864.0,580314.0
358,Teddy,Bear,Male,Jock,Fitness,26-Sep,grooof,Mr. K.K.,Simple,Simple,Yellow,Orange,cabin wall,cork flooring,4044;1241;4041;4040;1288;4037;4119;4036;4338,bea00,JhB2GSBmZCpaqRGDv,1252150.0,1366.0,1253516.0
359,Tex,Penguin,Male,Smug,Music,6-Oct,picante,K.K. D&B,Cool,Elegant,Black,Gray,ice wall,ice flooring,1804;3340;1803;3505;3500;4279;7348;3500;941;1645;849;849,pgn12,99QcysqkrEZ7ycBWs,401700.0,519.0,402219.0
360,Tia,Elephant,Female,Normal,Nature,18-Nov,teacup,K.K. Bossa,Cute,Elegant,Black,White,café-curtain wall,brown iron-parquet flooring,1627;2554;1866;1626;3194;3467;915;8395;2713;3251;7236;1845;3270;3618,elp10,2SK8tjSB8JvYLgPn9,635850.0,4120.0,639970.0
361,Tiffany,Rabbit,Female,Snooty,Fashion,9-Jan,bunbun,K.K. Ragtime,Gorgeous,Cool,Black,Red,black-crown wall,red-and-black vinyl flooring,863;937;937;1087;2554;791;4143;7348;4139;1087;3428;955;3428,rbt07,yhaDSkcEFYP6urwjN,507400.0,703.0,508103.0
362,Timbra,Sheep,Female,Snooty,Education,21-Oct,pine nut,K.K. Love Song,Elegant,Gorgeous,Green,Brown,beige art-deco wall,dark parquet flooring,1103;4041;4039;7134;4037;918;3959;4036;742;6078;6079;5975;6075;8036,shp10,yafB94xabfKKPPNSp,0.0,231.0,231.0
363,Tipper,Cow,Female,Snooty,Fashion,25-Aug,pushy,Soulful K.K.,Gorgeous,Cute,Colorful,Pink,white hallway wall,stone tile,3681;2554;3957;1227;1757;4030;2561;1229;1875;2560;4338,cow01,ZWevBdWKRpz7DC7B4,430200.0,593.0,430793.0
364,Tom,Cat,Male,Cranky,Education,10-Dec,me-YOWZA,K.K. Rock,Cool,Simple,Black,Gray,shutter wall,paintball flooring,4759;2020;4759;4759;875;3697;1241;4113;2592;1189;7528;8417;3967;4687,cat15,2vHKegY3XyX2DBc6G,490.0,552.0,1042.0
365,Truffles,Pig,Female,Peppy,Fashion,28-Jul,snoutie,Neapolitan,Cute,Gorgeous,Green,Red,mod wall,brown honeycomb tile,2713;4003;3428;2561;7132;3616;3998;3952;7536;1888,pig01,3oNZnyk4zv3zJD2m5,364850.0,202.0,365052.0
366,Tucker,Elephant,Male,Lazy,Nature,7-Sep,fuzzers,K.K. Safari,Active,Simple,Yellow,Orange,jungle wall,swamp flooring,343;343;10743;7043;3398;3398;7345;4093;3398;4073,elp09,96HCsK6H2c7J2ARMa,489450.0,354.0,489804.0
367,Tutu,Bear,Female,Peppy,Fashion,15-Sep,twinkles,Bubblegum K.K.,Cute,Simple,Pink,Red,pink-striped wall,red dot flooring,3995;3998;3999;3624;929;3996;3997;4002;4000;1227;4003,bea07,HqboYio5a8bRbKtcL,0.0,974.0,974.0
368,Twiggy,Bird,Female,Peppy,Fashion,13-Jul,cheepers,Bubblegum K.K.,Simple,Cute,Pink,Blue,white botanical-tile wall,gray argyle-tile flooring,4035;4080;4051;4046;4054;3971;4048;4338;3948;331;1829;1829,brd03,P6sD4cQvXFHHvNcz8,445000.0,462.0,445462.0
369,Tybalt,Tiger,Male,Jock,Play,19-Aug,grrrRAH,K.K. Groove,Active,Simple,Blue,Purple,blue-paint wall,tiger-print flooring,1452;7654;4138;7845;4139;1241;8298;7528;4141;4003;8417;4756,tig02,Q49mH4FY3BrgFDoyN,0.0,410.0,410.0
370,Ursala,Bear,Female,Big Sister,Music,16-Jan,grooomph,Café K.K.,Simple,Cute,Red,Orange,café-curtain wall,green honeycomb tile,1227;4132;3270;3438;7132;3396;2586;3943;2713;4003;3775,bea08,zodRh39TrqXPbGW49,0.0,465.0,465.0
371,Velma,Goat,Female,Snooty,Education,14-Jan,blih,Mr. K.K.,Elegant,Gorgeous,Light blue,Purple,classic-library wall,light parquet flooring,1875;3681;3955;1058;2772;2554;3958;3951;794;1042,goa06,PkAYXk745ZHBE69a9,399400.0,197.0,399597.0
372,Vesta,Sheep,Female,Normal,Fashion,16-Apr,baaaffo,Forest Life,Simple,Cute,Orange,Red,white subway-tile wall,floral mosaic-tile flooring,4393;4026;1744;1227;4048;4030;4139;1866;929;4046;2740;4338;7531;4023;4139;3443;1128,shp00,pkzxW9Pmtd39TMdDH,0.0,964.0,964.0
373,Vic,Bull,Male,Cranky,Fitness,29-Dec,cud,K.K. March,Cool,Active,Light blue,Blue,sea view,ship deck,791;1266;4043;3449;3449;3615;4135;1266;4077;4077;4077;4077;4077;4077;4077;4077;4077;4077;4077;4077;7800,bul08,9ouwtyzDNP65WJv77,706100.0,256.0,706356.0
374,Victoria,Horse,Female,Peppy,Fitness,11-Jul,sugar cube,K.K. Adventure,Active,Simple,Yellow,Orange,stadium wall,racetrack flooring,3675;7264;4379;4379;4379;4379;4379;4077;4077;4077;4077;4077;4077;4077;4077;4379;4077;4077;4379;4077;4077,hrs01,R5zfwZxyxaa6gue4d,781600.0,319.0,781919.0
375,Violet,Gorilla,Female,Snooty,Fitness,1-Sep,sweetie,K.K. Bazaar,Gorgeous,Cool,Purple,Pink,black botanical-tile wall,lobby flooring,7235;1840;6031;2554;4054;10244;4017;4030;3951;4338;4027,gor07,z7N6aubfytXa7Z4Me,107900.0,133.0,108033.0
376,Vivian,Wolf,Female,Snooty,Education,26-Jan,piffle,K.K. Cruisin',Gorgeous,Elegant,Gray,Purple,white-brick wall,dark wood-pattern flooring,4015;3270;3971;4052;4053;3986;4118;4046;4338;4054;928;4076;3951;3948;1868;4027,wol08,tWyG3bE5fwvNNGpWM,458750.0,935.0,459685.0
377,Vladimir,Cub,Male,Cranky,Play,2-Aug,nyet,Agent K.K.,Simple,Cool,Yellow,Colorful,chain-link fence,ramshackle flooring,3943;787;4081;2556;144;2553;146;2553;1802;8417;146,cbr06,Eskwc34f2x6Qx6ZNT,0.0,334.0,334.0
378,Wade,Penguin,Male,Lazy,Nature,30-Oct,so it goes,Stale Cupcakes,Simple,Gorgeous,Light blue,Blue,ice wall,ice flooring,3503;3984;3497;3982;3978;2255;5150;2269;2266;2274;2268;2270;2264;2267,pgn09,cy2hRtipGaiHEBPd8,185500.0,1282.0,186782.0
379,Walker,Dog,Male,Lazy,Play,10-Jun,wuh,Two Days Ago,Simple,Simple,Orange,Red,yellow playroom wall,colorful tile flooring,3701;3702;4125;2605;4003;7144;3438;4111;5543;3623;2560;3584;1411,dog06,rh6PGwW3Lg6EFcfo6,182150.0,802.0,182952.0
380,Walt,Kangaroo,Male,Cranky,Fitness,24-Apr,pockets,K.K. Lament,Cool,Cool,Black,Gray,bamboo-grove wall,mossy-garden flooring,7452;3580;7393;4269;10743;677;710;2754,kgr08,wN36ADi7MxiLNJ3Eu,525300.0,585.0,525885.0
381,Wart Jr.,Frog,Male,Cranky,Education,21-Aug,grr-ribbit,Steep Hill,Simple,Simple,Blue,Purple,dirt-clod wall,rush tatami,717;1849;3230;7048;3622;3554;7323;7323;957;3658;4106;3672;725;787,flg05,HCbj4RPsBexGWd2Sy,0.0,431.0,431.0
382,Weber,Duck,Male,Lazy,Nature,30-Jun,quaa,K.K. Fusion,Cool,Simple,Blue,Black,black perforated-board wall,cork flooring,1875;3681;4121;1171;1803;383;846;1804;8096;3822;1899,duk11,QrbKSTR4H9tFKBofW,311250.0,567.0,311817.0
383,Wendy,Sheep,Female,Peppy,Fashion,15-Aug,lambkins,Space K.K.,Cool,Gorgeous,Red,Green,snowflake wall,simple white flooring,2713;1792;3586;2771;3438;7346;4028;4111;3251;7137;7132;1845;2560;1145;4003;7134;3467,shp09,YyW9WdsWe6EgMF4Mq,587900.0,1005.0,588905.0
384,Whitney,Wolf,Female,Snooty,Fashion,17-Sep,snappy,K.K. Soul,Elegant,Cool,Blue,Light blue,blue intricate wall,blue-paint flooring,7235;7137;5543;790;3561;4046;3428;1889;742;7349;10244;4049;4028,wol03,KbixDxCFpoWTimarv,50.0,3842.0,3892.0
385,Willow,Sheep,Female,Snooty,Fashion,26-Nov,bo peep,K.K. Soul,Cute,Gorgeous,White,Pink,arched-window wall,arabesque flooring,3449;1127;915;3974;3957;4129;1058;3442;3443;1449;3951;742;10244;6078,shp07,HT58xc2w7ootdCRWb,179200.0,777.0,179977.0
386,Winnie,Horse,Female,Peppy,Fashion,31-Jan,hay-OK,K.K. Country,Cool,Simple,White,Gray,backyard-fence wall,backyard lawn,1626;1626;5970;4003;3509;1620;1627;3467;1631;1170;1157,hrs05,b4HwfyvThyipScSAv,396250.0,340.0,396590.0
387,Wolfgang,Wolf,Male,Cranky,Education,25-Nov,snarrrl,K.K. D&B,Cool,Active,Black,Green,dark wooden-mosaic wall,stripe flooring,4117;7323;7323;3275;4109;3270;3196;4338;3200;3562;3271;3818;1043;3194;3282;3193;4114;7800,wol02,RbF2wcn6jRxtgLDRd,470000.0,2375.0,472375.0
388,Yuka,Koala,Female,Snooty,Fashion,20-Jul,tsk tsk,Soulful K.K.,Cool,Elegant,Orange,Yellow,beige art-deco wall,simple purple flooring,3957;3955;2554;3974;3951;794;4106;3959;3958;997,kal00,QDcxk3dCNT6yeD9hk,445050.0,418.0,445468.0
389,Zell,Deer,Male,Smug,Music,7-Jun,pronk,K.K. Swing,Cool,Gorgeous,Purple,Gray,cityscape wall,monochromatic tile flooring,1875;863;4129;4053;4053;3951;794;3775;4046;4230;3681,der02,LodBWtdMRZbjFNga9,641000.0,2495.0,643495.0
390,Zucker,Octopus,Male,Lazy,Nature,8-Mar,bloop,Spring Blossoms,Simple,Cute,Blue,Yellow,chain-link fence,backyard lawn,4042;4412;7526;4077;4077;3064;4077;3946;3617;3697;4019;3618;3344;3672;3672,ocp02,2F5tipHqgmWvWXTLC,815100.0,15342.0,830442.0
